batch,triplet_id,reference,h1_text,h2_text,h1_votes,h2_votes,h1_system,h2_system
01,set_01_121-121726-0000.wav,also a popular contrivance whereby love making may be suspended but not stopped during the picnic season,also a popular condrivens whereby lovemaking may be suspended but not stopped during the technique season,also a popular contrivance where am i love making may be suspended but not stopped during the picnic season,0,3,whisper-base,googlesr
01,set_01_1320-122612-0016.wav,run back uncas and bring me the size of the singer's foot,run back unkas and bring me the size of the singers foot,run back on chris and bring me the size of the singers foot,2,1,whisper-base,googlesr
01,set_01_1995-1837-0002.wav,ah the swamp the cruel swamp,ah the swamp the cruel sw,ah the swamp the cool swamp,0,3,googlesr,wav2vec-ft-asr
01,set_01_237-126133-0005.wav, shes always at the piano said van she must be there now somewhere and then somebody laughed,she must be there now somewhere and then somebody laugh, shes always at the piano said van she must be there now somewhere and then somebody laughed,1,2,googlesr,wav2vec-ft-asr
01,set_01_237-134493-0000.wav,it is 16 years since john bergson died,it is 16 years since john berks and died,it is 16 years since john burgson died,0,3,googlesr,wav2vec-ft-asr
01,set_01_237-134500-0021.wav, ever so much only he seems kind of staid and school teachery, ever so much only he seems kind of stayat and school teachery, other so much only he seems kind of stayed in school teacher,1,2,wav2vec-ft-asr,googlesr
01,set_01_237-134500-0028.wav,i am sure alexandra hopes you will stay on here she murmured,im sure alexander helps you will stay on here she murmured,i am sure alexandera hopes you will stay on here she murmured,0,3,whisper-base,wav2vec-ft-asr
01,set_01_3729-6852-0043.wav,i reside in the marais rue de douze portes,i reside in the mara grue de dusport,i reside in the maverick groudon sport,2,1,wav2vec-ft-asr,googlesr
01,set_01_4446-2271-0013.wav,do you know i thought the dance a bit conscious to night for the 1st time,you know i thought the dance a bit conscious tonight for the 1st time,you know i thought the dance ha be conscience to night for the 1st time,3,0,whisper-base,wav2vec-ft-asr
01,set_01_5142-36377-0010.wav,he is not well he has come over the ocean for rest and change of scene,he is not well he has come over the ocean for rest and changes scene,youre not well yes come over the ocean for rest and change a scene,3,0,whisper-base,googlesr
01,set_01_5142-36377-0024.wav,naomi shook her forefinger reproachfully at them as if the 2 sturdy young farmers had been 2 children,naomi sugar for finger reproachfully at them as if the 2 sturdy young farmers had been 2 children,neomi shook her forefinger reproachfully at them as if the 2 sturdy young farmers had been 2 children,0,3,googlesr,wav2vec-ft-asr
01,set_01_5683-32865-0016.wav, i know thats lorne brandon, i know thats lorne brandon, i know thats lauren brandon,1,2,whisper-base,googlesr
01,set_01_6829-68769-0017.wav,worse tom worse n ever replied the jailer gloomily,worse tom worse than ever replied the jailer gloomily,where is tom wheres the nearest replied that taylor coleman,2,1,wav2vec-ft-asr,googlesr
01,set_01_6829-68771-0020.wav,then she gave a little laugh and replied no miss beth i am elizabeth parsons,then she gave a little laugh and replied no miss beth im elizabeth parsons,im elizabeth parsons,2,1,whisper-base,googlesr
01,set_01_7127-75947-0026.wav,well said mademoiselle de tonnay charente i also think a good deal but i take care,well said mademoiselle de tonachallent i also think a good deal but i take care,well said mademoiselle dartagnan didnt i also think a good deal but i take care,3,0,wav2vec-ft-asr,crdnn-rnnlm
01,set_01_7176-88083-0009.wav,the great hawk followed hurriedly to retrieve his prey from the ground,the great huok followed hurriedly to retrieve his prey from the ground,to retrieve his prey from the ground,3,0,wav2vec-ft-asr,googlesr
01,set_01_8463-294828-0034.wav,we will be quite comfortable here i told conseil,will be quite comfortable here i told him say,will be quite comfortable here i told conseil,1,2,googlesr,wav2vec-ft-asr
01,set_01_8555-284447-0003.wav,but cap n bill made no such attempt knowing it would be useless,but capn bill made no such attempt knowing it would be useless,put cotton belt made no such attempt knowing it would be useless,2,1,wav2vec-ft-asr,googlesr
01,set_01_8555-284447-0009.wav,mornin girls hope ye feel as well as ye look,morning girls hope you feel as well as you look,mourning girls are people as well as ye look,3,0,wav2vec-ft-asr,crdnn-rnnlm
01,set_01_908-157963-0001.wav,0 life of this our spring,0 life of this ar spring,0 life of this offspring,2,1,wav2vec-ft-asr,googlesr
02,set_02_1580-141084-0003.wav,no names please said holmes as we knocked at gilchrist is door,no names please said holmes as we knocked at gilkers door,no names please sit holmes as we knocked at gilchrist door,0,3,wav2vec-ft-asr,googlesr
02,set_02_2094-142345-0024.wav,munny my iron is twite told pease put it down to warm,money mirons twite told beese put it down to worm,funny my irons tight told hes put it down to warm,1,2,wav2vec-ft-asr,crdnn-rnnlm
02,set_02_2094-142345-0028.wav,no no no totty ud get her feet wet said missus poyser carrying away her iron,no no no toddy had get her feet wet said missus poison carrying away her iron,no no no no no no to get her feet wet said missus poyser carrying away her iron,3,0,whisper-base,googlesr
02,set_02_237-134500-0011.wav,arent you splashed look at the spider webs all over the grass,arent you splashed look at the spider webs all over the grass,archie splashed look at the spider webs all over the grass,3,0,wav2vec-ft-asr,crdnn-rnnlm
02,set_02_260-123286-0014.wav,truly this sea is of infinite width,truly this c is of infinite width,truly the sea is of infinite width,3,0,whisper-base,googlesr
02,set_02_3729-6852-0016.wav,madame quinson besides can answer your enquiries,madame quencent besides can answer your inquiries,madame quinn song besides can answer your inquiries,0,3,whisper-base,googlesr
02,set_02_4446-2273-0006.wav,they are all sketches made about the villa d este you see,they are all sketches made about the valdosta you see,they are all sketches made about the villa deste you see,0,3,googlesr,crdnn-rnnlm
02,set_02_4507-16021-0024.wav,algebra medicine botany have each their slang,algebra medicine botany have eached there slang,algebra medicine botany have each their sl,1,2,wav2vec-ft-asr,googlesr
02,set_02_4970-29093-0020.wav,why its in missouri somewhere on the frontier i think we will get a map,why its in missouri somewhere on the front here i think well get a map,brighton missouri somewhere on the frontier i think well get a map,3,0,whisper-base,googlesr
02,set_02_4970-29095-0030.wav,father thee is unjust to philip he is going into business,father these unjust philip hes going into business,father these are just to fill up hes going into business,2,1,wav2vec-ft-asr,googlesr
02,set_02_4992-41797-0003.wav,mister popham laid down his brush,mister popham lay down his brush,mister popum laid down his brush,0,3,whisper-base,wav2vec-ft-asr
02,set_02_5683-32866-0002.wav,but do not these very wise things sometimes turn out very foolishly,but dont these very wise things sometimes turn out very foolishly,sometimes turn out very foolishly,3,0,wav2vec-ft-asr,googlesr
02,set_02_61-70968-0062.wav,ay and show you some pretty tricks,ill show you some pretty tricks,i and show you some pretty tricks,0,3,whisper-base,crdnn-rnnlm
02,set_02_672-122797-0039.wav,i will not tremble to morrow thought the fir tree,i wont tremble tomorrow thought the fir tree,i wont trimble tomorrow,3,0,whisper-base,googlesr
02,set_02_7127-75947-0021.wav,la valliere is quite a poetess said tonnay charente,the valley is quite a poetess said tony shalom,la valliere is quite a poetess said tony charlotte,0,3,googlesr,crdnn-rnnlm
02,set_02_7127-75947-0023.wav,it is too difficult replied mademoiselle de tonnay charente laughing loudly,it is too difficult replied mademoiselle on laughing loudly,it is too difficult replied mademoiselle de tanichalrente laughing loudly,0,3,googlesr,wav2vec-ft-asr
02,set_02_7176-92135-0020.wav,9923 elsinore 99 yes hallo is that you horatio hamlet speaking,99 to 3 elzinor double not yes hello is that you horatio hamlet speaking,9923 elsinore double knot yes hello is that you horacio handler speaking,0,3,wav2vec-ft-asr,googlesr
02,set_02_8463-294825-0015.wav,gram roughly 128th of an ounce,graham roughly 128th of an ounce,graham ruffly 128 of an ounce,3,0,whisper-base,googlesr
02,set_02_8555-284447-0003.wav,but cap n bill made no such attempt knowing it would be useless,put cotton belt made no such attempt knowing it would be useless,but capn bill made no such attempt knowing it would be useless,0,3,googlesr,crdnn-rnnlm
02,set_02_8555-284447-0009.wav,mornin girls hope ye feel as well as ye look,morning girls hope you feel as well as you look,mourning girls are people as well as ye look,0,3,wav2vec-ft-asr,crdnn-rnnlm
03,set_03_1089-134686-0036.wav,a great saint saint francis xavier,a great saint saint francis zavir,a great saint francis xavier,3,0,wav2vec-ft-asr,googlesr
03,set_03_2094-142345-0028.wav,no no no totty ud get her feet wet said missus poyser carrying away her iron,no no no toddy had get her feet wet said missus poison carrying away her iron,no no no totty would get her feet wet said missus poyser carrying away her iron,0,3,whisper-base,crdnn-rnnlm
03,set_03_2094-142345-0058.wav,by the by ive never seen your dairy i must see your dairy missus poyser,by the bye ive never seen your dairy i must see your dairy missus poyser,byebye ive never seen your diary am i see your dairy missus poyser,3,0,wav2vec-ft-asr,googlesr
03,set_03_237-134493-0010.wav,i never see lou is scythe over here,i never see los scythe over here,i never see lose sight over here,2,1,wav2vec-ft-asr,googlesr
03,set_03_2961-961-0014.wav,9000 years have elapsed since she founded yours and 8000 since she founded ours as our annals record,9000 years have elapsed since she founded yours and 8000 since she foundet ours as ore annalds record,9000 years have you laughed since she founded yours and 8000 since she founded ours as our annals record,2,1,wav2vec-ft-asr,googlesr
03,set_03_3729-6852-0016.wav,madame quinson besides can answer your enquiries,madame quencent besides can answer your inquiries,madame cuinson besides can answer your inquiries,0,3,whisper-base,wav2vec-ft-asr
03,set_03_4446-2271-0010.wav,hes another who is awfully keen about her let me introduce you,hes another whos awfully keen about her let me introduce you,let me introduce you,3,0,whisper-base,googlesr
03,set_03_4446-2271-0018.wav,she considered a moment and then said no i think not though i am glad you ask me,she considered for a moment and then said no i think not the way im glad you asked me,she considered for a moment and then said no i think not though i am glad you ask me,0,3,googlesr,wav2vec-ft-asr
03,set_03_4446-2275-0044.wav,do not cry do not cry he whispered,i dont cry dont cry he whisper,dont cry dont cry he whispered,0,3,googlesr,crdnn-rnnlm
03,set_03_4507-16021-0049.wav,there is hardly one day out of a 100 which is wholly joyous and sunny,there is hardly one day out of a 100 which is holy joyous and sunny,there is hardly one day out of 100 and sunny,3,0,whisper-base,googlesr
03,set_03_4992-23283-0003.wav,so there is to me added sandford with a sarcastic sneer,so there is to me at its sanford with a sarcastic sneer,so there is to me out of sanford with a sarcastic snare,3,0,whisper-base,googlesr
03,set_03_4992-41797-0019.wav,olives mournful black eyes met nancy is sparkling brown ones,olives mournful black eyes met nancys sparkling brown ones,all of his mournful black eyes met nancys sparkling brown ones,3,0,wav2vec-ft-asr,crdnn-rnnlm
03,set_03_5142-36377-0011.wav,mister jago is an american philip,this jago is an american philip,mister yago is an american philip,0,3,whisper-base,wav2vec-ft-asr
03,set_03_5683-32865-0016.wav,0 i know thats lorne brandon,0 i know thats lorn brandon,0 i know thats lauren brandon,1,2,wav2vec-ft-asr,googlesr
03,set_03_61-70968-0042.wav,montfichet called out for robin to give him an arm,called out for robin to give him an arm,montfiget called out for robin to give him an arm,0,3,googlesr,wav2vec-ft-asr
03,set_03_61-70970-0026.wav,fitzooths hand rested at last upon the top rung of a ladder and slowly the truth came to him,fitzeuths hand rested at last upon the top rung of a ladder and slowly the truth came to him,fitzeuths arrested at last upon the top rung of a ladder and slowly the truth came to him,3,0,whisper-base,googlesr
03,set_03_6829-68769-0017.wav,worse tom worse n ever replied the jailer gloomily,worst tom worceneer replied that jailer collumely,where is tom wheres the nearest replied that taylor coleman,3,0,whisper-base,googlesr
03,set_03_6829-68771-0020.wav,then she gave a little laugh and replied no miss beth im elizabeth parsons,im elizabeth parsons,then she gave a little laugh and replied no miss beth im elizabeth parsons,0,3,googlesr,crdnn-rnnlm
03,set_03_7127-75947-0021.wav,la valliere is quite a poetess said tonnay charente,the valley is quite a poetess said tony shalom,lavalier is quite a poetess said tone charent,0,3,googlesr,wav2vec-ft-asr
03,set_03_7176-92135-0041.wav,re enter butler and 3 footmen who remove the tea things hostess to guest,reinter butler and 3 footmen who removed the tea things hostess 2 guests,reenter butler and 3 ft men who removed the tea things hostess to,1,2,wav2vec-ft-asr,googlesr
04,set_04_1089-134686-0033.wav,a great saint saint francis xavier,a great saint saint francis zavier,a great saint francis xavier,2,1,wav2vec-ft-asr,googlesr
04,set_04_121-127105-0021.wav,will not you tell douglas,wont you tell doug,wont you tell douglas,0,3,googlesr,wav2vec-ft-asr
04,set_04_1284-1180-0012.wav,we have come from a far lonelier place than this a lonelier place,we have come from a far alone near place than this alone near place,we have come from a fire lonelier place than this a lonelier place,0,3,whisper-base,wav2vec-ft-asr
04,set_04_1320-122612-0004.wav,distrusting his own judgment his appeals to the opinion of chingachgook were frequent and earnest,distrusting his own judgment his appeals to the opinion of chingachkuk were frequent and earnest,distrusting his own judgment his appeals to the opinion of frequent and earnest,3,0,wav2vec-ft-asr,googlesr
04,set_04_1580-141083-0021.wav,there is no opening except the one pane said our learned guide,there is no opening except the one pain center learned guide,there is no opening except the one pain said our learned guide,1,2,googlesr,wav2vec-ft-asr
04,set_04_260-123286-0007.wav,he called this sea a pond and our long voyage taking a little sail,he called this capon and i longed voyage taking a little sail,he called this sea a pond and a long voyage taking a little sail,0,3,whisper-base,crdnn-rnnlm
04,set_04_2830-3980-0022.wav,the clause seems superfluous on 1st sight,the claw seems supervervalous on 1st sight,the class seems superfluous on 1st sight,1,2,whisper-base,googlesr
04,set_04_2961-960-0012.wav,many if not all the elements of the pre socratic philosophy are included in the timaeus,many if not all the elements of the presocratic philosophy are included in the timeus,mini its not all the elements of the prescribed philosophy are included in the timmy is,3,0,wav2vec-ft-asr,googlesr
04,set_04_2961-961-0009.wav,tell us said the other the whole story and where solon heard the story,tell us said the other the whole story and where salon heard the story,tell us that the other the whole story and where is soul and her the story,3,0,wav2vec-ft-asr,googlesr
04,set_04_3729-6852-0027.wav,that is true badauderie,that is true badeltgree,that is true middle degree,3,0,wav2vec-ft-asr,crdnn-rnnlm
04,set_04_4446-2273-0006.wav,they are all sketches made about the villa d este you see,they are all sketches made about the villa de steucie,they are all sketches made about the villadeste you see,1,2,whisper-base,wav2vec-ft-asr
04,set_04_4992-41797-0006.wav,he keeps the thou shalt not commandments 1st rate hen lord does,he keeps the thou shalt not commandments 1st rate hand lord does,he keeps that thou shalt not command its 1st rate henry does,2,1,whisper-base,crdnn-rnnlm
04,set_04_5142-36377-0024.wav,naomi shook her forefinger reproachfully at them as if the 2 sturdy young farmers had been 2 children,neomi shook her forefinger reproachfully at them as if the 2 sturdy young farmers had been 2 children,naomi sugar for finger reproachfully at them as if the 2 sturdy young farmers had been 2 children,3,0,wav2vec-ft-asr,googlesr
04,set_04_61-70968-0034.wav,a montfichet a montfichet gamewell to the rescue,a montfichet a montfichet game well to the rescue,gamewell to the rescue,3,0,wav2vec-ft-asr,googlesr
04,set_04_61-70970-0001.wav,there befell an anxious interview mistress fitzooth arguing for and against the squires project in a breath,therebefell an anxious interview mistress fitzooth arguing for and against the squires project in a breath,will there be felon anxious interview mistress fit suits arguing for and against the squires project in the breath,3,0,wav2vec-ft-asr,googlesr
04,set_04_61-70970-0011.wav,as any in england i would say said gamewell proudly that is in his day,as any an england i would say said kim well proudly that is in his day,as any in england i would say that came well proudly that is in his day,0,3,whisper-base,googlesr
04,set_04_7021-85628-0021.wav,he still held on to it with both hands as he rushed into his mothers cottage,he still held on to it with both hands as he rushed into his mothers cottage,he still held on to it with both hands as he rushed into his mothers cottagers cottage,3,0,googlesr,crdnn-rnnlm
04,set_04_7127-75947-0023.wav,it is too difficult replied mademoiselle de tonnay charente laughing loudly,it is too difficult replied mademoiselle de tanichalrente laughing loudly,it is too difficult replied mademoiselle on laughing loudly,3,0,wav2vec-ft-asr,googlesr
04,set_04_7127-75947-0033.wav,how is it la valliere said mademoiselle de tonnay charente that the vicomte de bragelonne spoke of you as louise,how is it lavalier said mademoiselle detention on that the vehicle loans spoke of you as louise,how is it la valliere said mademoiselle de commission that the vicomte de bragelonne spoke of you as louise,0,3,googlesr,crdnn-rnnlm
04,set_04_7176-92135-0010.wav,ham to be or not to be,ham do be or not to be,him jub or not to be,3,0,whisper-base,wav2vec-ft-asr
05,set_05_1089-134686-0036.wav,a great saint saint francis xavier,a great saint saint francis zavir,a great saint francis xavier,2,1,wav2vec-ft-asr,googlesr
05,set_05_1188-133604-0040.wav,the crampness and the poverty are all intended,the crampness in the poverty are all intended,the krampus and the poverty are all intended,3,0,wav2vec-ft-asr,googlesr
05,set_05_121-127105-0021.wav,will not you tell douglas,wont you tell douglas,wont you tell doug,3,0,whisper-base,googlesr
05,set_05_1221-135767-0019.wav,mother cried she i see you here look look,mother cried gee i see you here look look,i see you here look look,3,0,whisper-base,googlesr
05,set_05_1284-1180-0015.wav,we are traveling replied ojo and we stopped at your house just to rest and refresh ourselves,we are traveling replied ojo and we stopp at your house just to rest and refresh ourselves,were traveling reply to joe and we stopped at your house just to rest and refresh ourselves,3,0,wav2vec-ft-asr,googlesr
05,set_05_1995-1826-0012.wav,she wanted a glance of the new books and periodicals and talk of great philanthropies and reforms,she wanted a glance of the new books and periodicals and talk of grateful,she wanted a glance of the new books in periodicals and talk of great philanthropies and reforms,0,3,whisper-base,googlesr
05,set_05_2094-142345-0028.wav,no no no totty ud get her feet wet said missus poyser carrying away her iron,no no no no no no to get her feet wet said missus poyser carrying away her iron,no no no totty would get her feet wet said missus poyser carrying away her iron,0,3,googlesr,crdnn-rnnlm
05,set_05_237-126133-0005.wav, shes always at the piano said van she must be there now somewhere and then somebody laughed,she must be there now somewhere and then somebody laugh, shes always at the piano said van she must be there now somewhere and then somebody laughed,1,2,googlesr,crdnn-rnnlm
05,set_05_2961-961-0003.wav,i will if timaeus approves i approve,i will if to me as approves i approve,i will give to me is approves i approve,1,2,wav2vec-ft-asr,googlesr
05,set_05_4446-2271-0013.wav,do you know i thought the dance a bit conscious to night for the 1st time,you know i thought the dance ha be conscience to night for the 1st time,for the 1st time,2,1,wav2vec-ft-asr,googlesr
05,set_05_4446-2271-0018.wav,she considered a moment and then said no i think not though i am glad you ask me,she considered for a moment and then said no i think not though i am glad you ask me,she considered for a moment and then said no i think not the way im glad you asked me,3,0,wav2vec-ft-asr,googlesr
05,set_05_61-70968-0034.wav,a montfichet a montfichet gamewell to the rescue,a montvier a montvier game will to the rescue,a montfichet a montfichet game well to the rescue,0,3,whisper-base,wav2vec-ft-asr
05,set_05_672-122797-0058.wav,who is humpy dumpy asked the mice,who is ampidumpy ask the mice,who is humpy dumpy ask the mice,1,2,whisper-base,googlesr
05,set_05_6829-68769-0002.wav,i can not see it in that light said the old lawyer,i cant see it in that light is that the old lawyer,i cant see it in that light said the old lawyer,1,2,whisper-base,wav2vec-ft-asr
05,set_05_6829-68771-0008.wav,these women were flattered by the attention of the young lady and had promised to assist in electing mister forbes,these women were flattered by the attention of the young lady and had promised to assist in electing,these women were flattered by the attention of the young lady and had promised to assist in electing pitster forbes,1,2,whisper-base,googlesr
05,set_05_6930-81414-0012.wav,said another voice which i recognized as voltaires kaffar,said another voice which i recognized as voltaires kaffir,set another voice which i recognized as vultures kaffir,2,1,wav2vec-ft-asr,googlesr
05,set_05_7127-75947-0023.wav,it is too difficult replied mademoiselle de tonnay charente laughing loudly,it is too difficult replied mademoiselle dittani shahan laughing loudly,it is too difficult replied mademoiselle on laughing loudly,3,0,whisper-base,googlesr
05,set_05_7127-75947-0026.wav,well said mademoiselle de tonnay charente i also think a good deal but i take care,well said mademoiselle de tonachallent i also think a good deal but i take care,well said mademoiselle dartagnan didnt i also think a good deal but i take care,3,0,wav2vec-ft-asr,crdnn-rnnlm
05,set_05_8463-294825-0017.wav,liter roughly one quart,leader roughly on court,leader roughly one quart,0,3,wav2vec-ft-asr,googlesr
05,set_05_908-31957-0017.wav,mussulmans and giaours throw kerchiefs at a smile and have no ruth for any weeping,musclemans and gaiors throw kirchiffs at a smile and have no roof for any weeping,mussulmans and guyors throw kerchiefs at a smile and have no ruth for any weeping,2,1,whisper-base,wav2vec-ft-asr
06,set_06_1995-1837-0022.wav,up in the sick room zora lay on the little white bed,up in the sick rooms or a lay on the little white bed,open the sick room zora lay on the little white bed,0,3,whisper-base,googlesr
06,set_06_237-126133-0005.wav, shes always at the piano said van she must be there now somewhere and then somebody laughed, shes always at the piano said van she must be there now somewhere and then somebody laughed,she must be there now somewhere and then somebody laugh,3,0,wav2vec-ft-asr,googlesr
06,set_06_237-126133-0008.wav,asked phronsie with her little face close to pollys own,asked phronsie with her little face close to pollys own,ask frenzy with her little face close to pollys on,3,0,wav2vec-ft-asr,googlesr
06,set_06_237-126133-0016.wav, no jasper i must go by my very own self, no japsor im a scoped by my very own self,i must go by my very own self,2,1,whisper-base,googlesr
06,set_06_237-134500-0014.wav,and emil mowed his way slowly down toward the cherry trees,add email mode his way slowly down toward the cherry trees,and amiel mowed his way slowly down towards the cherry trees,1,2,googlesr,crdnn-rnnlm
06,set_06_3729-6852-0043.wav,i reside in the marais rue de douze portes,i reside in the mara grue de dusport,i reside in the maverick groudon sport,2,1,wav2vec-ft-asr,googlesr
06,set_06_5142-36377-0023.wav,you were quite right to say no ambrose began never smoke with john jago his cigars will poison you,you were quite right to say no ambrose began never smoke with johnny  his cigars will poison,you were quite right to say no ambrose began never smoke a johnnie ago his cigars will poison you,1,2,googlesr,crdnn-rnnlm
06,set_06_5683-32865-0016.wav,i know thats lorne brandon,i know thats lauren brandon,i know thats lorn brandon,1,2,googlesr,wav2vec-ft-asr
06,set_06_61-70968-0034.wav,a montfichet a montfichet gamewell to the rescue,a montvier a montvier game will to the rescue,a montfichet a montfichet game well to the rescue,0,3,whisper-base,wav2vec-ft-asr
06,set_06_61-70968-0042.wav,montfichet called out for robin to give him an arm,montfiget called out for robin to give him an arm,called out for robin to give him an arm,3,0,wav2vec-ft-asr,googlesr
06,set_06_61-70968-0062.wav,ay and show you some pretty tricks,ill show you some pretty tricks,i can show you some pretty tricks,3,0,whisper-base,googlesr
06,set_06_672-122797-0039.wav,i will not tremble to morrow thought the fir tree,i wont tremble tomorrow thought the fir tree,i wont trimble tomorrow,3,0,whisper-base,googlesr
06,set_06_6829-68771-0020.wav,then she gave a little laugh and replied no miss beth im elizabeth parsons,then she gave a little laugh and replied no miss beth im elizabeth parsons,im elizabeth parsons,3,0,wav2vec-ft-asr,googlesr
06,set_06_6829-68771-0021.wav,but it cant be protested the girl,but it cant be protested the,but it cant be protested the girl,0,3,googlesr,wav2vec-ft-asr
06,set_06_6829-68771-0027.wav,they they excite me in some way and i i can not bear them you must excuse me,they excite me in some way and i cant bear them you must excuse me,they they excite me in some way and i i cant bear them you must excuse me,1,2,whisper-base,crdnn-rnnlm
06,set_06_7021-85628-0017.wav,so it is said anders,so it is synanders,so it is said andrews,0,3,whisper-base,crdnn-rnnlm
06,set_06_7127-75947-0033.wav,how is it la valliere said mademoiselle de tonnay charente that the vicomte de bragelonne spoke of you as louise,how is it lavalier said mademoiselle de tanishaunt that the v compte bragallone spoke of you as louise,how is it lavalier said mademoiselle detention on that the vehicle loans spoke of you as louise,3,0,whisper-base,googlesr
06,set_06_7176-92135-0035.wav,then lord tuppeny well what about auction,then lord tuppanny well what about auction,what about auction,3,0,wav2vec-ft-asr,googlesr
06,set_06_8463-294825-0017.wav,liter roughly one quart,leader roughly on court,leader roughly one quart,1,2,wav2vec-ft-asr,googlesr
06,set_06_8555-284449-0013.wav,scuse me said trot i neglected to tell you that you are not the boolooroo any more,excuse me said trot i neglected to tell you that youre not the bula roo anymore,i neglected to tell you that youre not the boolaroo anymore,2,1,whisper-base,googlesr
07,set_07_1580-141083-0021.wav,there is no opening except the one pane said our learned guide,there is no opening except the one pain center learned guide,there is no opening except the one pain said our learned guide,0,3,googlesr,crdnn-rnnlm
07,set_07_1995-1826-0007.wav,find some cresswells there big plantations rated at 250000,find some creswells their big plantations rated at 250000,find some cresswells there big plantations raided it 250000,2,1,googlesr,crdnn-rnnlm
07,set_07_1995-1836-0008.wav,i believe in the training of people to their highest capacity the englishman here heartily seconded him,i believe in the training of people to their has capacity the englishmen here heartily suconded him,i believe in the training of people to the highest capacity the englishman hear heartily seconded him,0,3,wav2vec-ft-asr,googlesr
07,set_07_2094-142345-0028.wav,no no no totty ud get her feet wet said missus poyser carrying away her iron,no no no toddy had get her feet wet said missus poison carrying away her iron,no no no no no no to get her feet wet said missus poyser carrying away her iron,3,0,whisper-base,googlesr
07,set_07_237-134500-0014.wav,and emil mowed his way slowly down toward the cherry trees,and emil mode his way slowly down toward the gerry trees,and amiel mowed his way slowly down toward the cherry trees,0,3,whisper-base,wav2vec-ft-asr
07,set_07_237-134500-0021.wav,0 ever so much only he seems kind of staid and school teachery,0 other so much only he seems kind of stayed in school teacher,0 ever so much only he seems kind of stayat and school teachery,1,2,googlesr,wav2vec-ft-asr
07,set_07_260-123286-0030.wav,suddenly the ichthyosaurus and the plesiosaurus disappear below leaving a whirlpool eddying in the water,suddenly the ictiasaurus and the plessiosaurus disappear below leaving a warpole edding in the water,suddenly the ichthyosaurus and the plesiosaurus disappear below leaving a whirlpool editing in the water,2,1,whisper-base,googlesr
07,set_07_5142-36377-0011.wav,mister jago is an american philip,is diego is an american phil,this diogo is an american philip,0,3,googlesr,crdnn-rnnlm
07,set_07_61-70968-0028.wav,the head and chief of the riot the nottingham apprentice with clenched fists threatened montfichet,the head in chief of the riot the nottingham apprenticed with clenched fists threatened monfichet,the hidden chief of the riot the nottingham apprentice with clenched fists threatened monthly she,3,0,wav2vec-ft-asr,googlesr
07,set_07_61-70968-0036.wav,george montfichet will never forget this day,george montfiget will never forget this day,george monkey say will never forget this day,3,0,wav2vec-ft-asr,googlesr
07,set_07_61-70970-0001.wav,there befell an anxious interview mistress fitzooth arguing for and against the squiress project in a breath,there be fell an anxious interview mistress fitzhouth arguing for and against the squires project in a breath,will there be felon anxious interview mistress fit suits arguing for and against the squires project in the breath,1,2,whisper-base,googlesr
07,set_07_61-70970-0011.wav,as any in england i would say said gamewell proudly that is in his day,as any an england i would say said kim well proudly that is in his day,as any in england i would say that came well proudly that is in his day,1,2,whisper-base,googlesr
07,set_07_6829-68769-0017.wav,worse tom worse n ever replied the jailer gloomily,worst tom worceneer replied that jailer collumely,worse tom worse an error replied the jailer gloomily,0,3,whisper-base,crdnn-rnnlm
07,set_07_6930-76324-0019.wav,now let us dust the furniture and pictures,now lets dust the furniture in pictures,now its dust the furniture and pictures,2,1,googlesr,crdnn-rnnlm
07,set_07_7021-79740-0004.wav,you have come andella andella was the name of jane is doll to make rosalie a visit,you have come andela and dela was the name of jane stahl to make rosalie a visit,you have come and della and bella was the name of janes doll to make rosalie a visit,1,2,whisper-base,googlesr
07,set_07_7127-75947-0033.wav,how is it la valliere said mademoiselle de tonnay charente that the vicomte de bragelonne spoke of you as louise,how is it lavalier said mademoiselle de tanishaunt that the v compte bragallone spoke of you as louise,how is it la valliere said mademoiselle de commission that the vicomte de bragelonne spoke of you as louise,1,2,whisper-base,crdnn-rnnlm
07,set_07_7176-88083-0009.wav,the great hawk followed hurriedly to retrieve his prey from the ground,the great hawk fouled herdaily to retrieve his prey from the ground,the great huok followed hurriedly to retrieve his prey from the ground,0,3,whisper-base,wav2vec-ft-asr
07,set_07_8555-284447-0018.wav,at once the goat gave a leap escaped from the soldiers and with bowed head rushed upon the boolooroo,at once the goat gave a leap escape from the soldiers and with bowed head rushed upon the boulirou,at once the goat gave a leave escape from the soldiers and without head rushed upon the bhullar,3,0,whisper-base,googlesr
07,set_07_908-157963-0001.wav, life of this our spring, life of this ar spring, life of this offspring,2,1,wav2vec-ft-asr,googlesr
07,set_07_908-157963-0022.wav,come forth worm and the silent valley to thy pensive queen,come forth warm and the silent valley to the ipensive queen,come forthworm in the silent valley to thy pensive queen,2,1,whisper-base,crdnn-rnnlm
08,set_08_1320-122612-0004.wav,distrusting his own judgment his appeals to the opinion of chingachgook were frequent and earnest,distrusting his own judgment his appeals to the opinion of frequent and earnest,distrusting his own judgment his appeals to the opinion of chingachkuk were frequent and earnest,2,1,googlesr,wav2vec-ft-asr
08,set_08_1580-141083-0021.wav,there is no opening except the one pane said our learned guide,there is no opening except the one pain said our learned guide,there is no opening except the one pain center learned guide,2,1,wav2vec-ft-asr,googlesr
08,set_08_1995-1826-0006.wav,been looking up tooms county,been looking up to hums county,been looking up tombs county,0,3,whisper-base,crdnn-rnnlm
08,set_08_1995-1836-0008.wav,i believe in the training of people to their highest capacity the englishman here heartily seconded him,i believe in the training of people to their has capacity the englishmen here heartily suconded him,i believe in the training of people to the highest capacity the englishman hear heartily seconded him,0,3,wav2vec-ft-asr,googlesr
08,set_08_1995-1837-0002.wav,ah the swamp the cruel swamp,ah the swamp the cool swamp,ah the swamp the cruel sw,0,3,wav2vec-ft-asr,googlesr
08,set_08_2094-142345-0028.wav,no no no totty ud get her feet wet said missus poyser carrying away her iron,no no no totty had get her feet wet said missus poyser carrying away her iron,no no no no no no to get her feet wet said missus poyser carrying away her iron,2,1,wav2vec-ft-asr,googlesr
08,set_08_2961-960-0016.wav,but plato has not the same mastery over his instrument which he exhibits in the phaedrus or symposium,but plato has not the same mystery over his instrument which he exhibits either phedres or symposium,put playdoh has not the same mastery over his instrument which he exhibits in the features or symposium,3,0,wav2vec-ft-asr,googlesr
08,set_08_2961-961-0009.wav,tell us said the other the whole story and where solon heard the story,tell us said the other the whole story and where salon heard the story,tell us that the other the whole story and where is soul and her the story,1,2,wav2vec-ft-asr,googlesr
08,set_08_4970-29095-0030.wav,father thee is unjust to philip he is going into business,father these unjust  philip hes going into business,father these are just to fill up hes going into business,2,1,wav2vec-ft-asr,googlesr
08,set_08_5142-33396-0000.wav,at another time harald asked,at another time harold asked,add another time herald,3,0,wav2vec-ft-asr,googlesr
08,set_08_5142-33396-0018.wav,my dragons belly is never full and on board went the gold,my dragons belly is never full and on board went the gold,my dragons belly is never full and im bored with the gold,1,2,whisper-base,googlesr
08,set_08_5142-36377-0011.wav,mister jago is an american philip,is diego is an american phil,this diogo is an american philip,0,3,googlesr,crdnn-rnnlm
08,set_08_5142-36377-0018.wav,he looked up at naomi doubtingly from his plate and looked down again slowly with a frown,he looked up at naome doubtingly from his plate and looked down again slowly with a frown,and look down again slowly with a frown,3,0,wav2vec-ft-asr,googlesr
08,set_08_5683-32866-0026.wav,i boldly lighted my cheroot,i boldly lighted my charute,i boldly lighted my troot,2,1,whisper-base,wav2vec-ft-asr
08,set_08_61-70970-0001.wav,there befell an anxious interview mistress fitzooth arguing for and against the squires project in a breath,therebefell an anxious interview mistress fitzooth arguing for and against the squires project in a breath,will there be felon anxious interview mistress fit suits arguing for and against the squires project in the breath,1,2,wav2vec-ft-asr,googlesr
08,set_08_6829-68769-0017.wav,worse tom worse n ever replied the jailer gloomily,where is tom wheres the nearest replied that taylor coleman,worse tom worse than ever replied the jailer gloomily,1,2,googlesr,wav2vec-ft-asr
08,set_08_6930-81414-0012.wav,said another voice which i recognized as voltaire is kaffar,set another voice which i recognized as vultures kaffir,said another voice which i recognized as voltaires kaffir,0,3,googlesr,crdnn-rnnlm
08,set_08_7176-92135-0024.wav,to be or not to be that is the question whether tis nobler,do b or not to b that is the question whether it is nobler,to be or not to be that is the question whether it is no,1,2,whisper-base,googlesr
08,set_08_8555-284447-0018.wav,at once the goat gave a leap escaped from the soldiers and with bowed head rushed upon the boolooroo,at once the goat gave a leap escape from the soldiers and with bowed head rushed upon the boulirou,at once the goat gave a leave escape from the soldiers and without head rushed upon the bhullar,1,2,whisper-base,googlesr
08,set_08_908-157963-0030.wav,why an ear a whirlpool fierce to draw creations in,hawaiian ear a whirlpool fierce to draw creations in,why an here a whirlpool fierce to draw creations in,2,1,googlesr,crdnn-rnnlm
09,set_09_1221-135767-0019.wav,mother cried she i see you here look look,mother cried gee i see you here look look,i see you here look look,3,0,whisper-base,googlesr
09,set_09_1284-1180-0012.wav,we have come from a far lonelier place than this a lonelier place,we have come from a far alone near place than this alone near place,we have come from a fire lonely place than this a lonelier place,2,1,whisper-base,googlesr
09,set_09_1320-122612-0016.wav,run back uncas and bring me the size of the singers foot,run back unkas and bring me the size of the singers foot,run back on chris and bring me the size of the singers foot,2,1,whisper-base,googlesr
09,set_09_3729-6852-0043.wav,i reside in the marais rue de douze portes,i reside in the maverick groudon sport,i reside in the marais rue de dusport,1,2,googlesr,crdnn-rnnlm
09,set_09_4446-2271-0013.wav,do you know i thought the dance a bit conscious to night for the 1st time,for the 1st time,you know i thought the dance had been conscience tonight for the 1st time,0,3,googlesr,crdnn-rnnlm
09,set_09_5105-28240-0002.wav,exclaimed servadac keeping his eye unmoved at his telescope,exclaims servodac keeping his eye unmoved at his telescope,exclaim survived at keeping his eye unmoved at his telescope,1,2,whisper-base,googlesr
09,set_09_5105-28240-0010.wav,captain servadac hastened towards him,captain servadac hastened toward him,captain server deck hastened toward him,3,0,wav2vec-ft-asr,googlesr
09,set_09_5142-36377-0024.wav,naomi shook her forefinger reproachfully at them as if the 2 sturdy young farmers had been 2 children,neomi shook her forefinger reproachfully at them as if the 2 sturdy young farmers had been 2 children,naomi sugar 4 finger reproachfully at them as if the 2 sturdy young farmers had been 2 children,2,1,wav2vec-ft-asr,googlesr
09,set_09_61-70968-0034.wav,a montfichet a montfichet gamewell to the rescue,gamewell to the rescue,a montfiche gamewell to the rescue,1,2,googlesr,crdnn-rnnlm
09,set_09_61-70968-0052.wav,but who is this fellow plucking at your sleeve,but who is this fellow plucking at your steve,but who is this fellow plucking at her sleeve,2,1,whisper-base,crdnn-rnnlm
09,set_09_6829-68769-0002.wav,i cant see it in that light said the old lawyer,i cant see it in that light is that the old lawyer,i cant see it in that light say the old lawyer,2,1,whisper-base,crdnn-rnnlm
09,set_09_6829-68769-0050.wav,beth uneasy at his silence nudged him,beth uneasied as silence nudged him,beth an easy out of silence nudged him,1,2,whisper-base,googlesr
09,set_09_6930-76324-0010.wav,what in the world is that queried joyce,what in the world is it query choice,what in the world is it queried joyce,1,2,whisper-base,crdnn-rnnlm
09,set_09_6930-81414-0019.wav,voltaire picked up something from the ground and looked at it,wont you pick up something from the ground and look at it,wheelchair picked up something from the ground and looked at it,1,2,whisper-base,googlesr
09,set_09_7127-75947-0023.wav,it is too difficult replied mademoiselle de tonnay charente laughing loudly,it is too difficult replied mademoiselle de tanichalrente laughing loudly,it is too difficult replied mademoiselle on laughing loudly,3,0,wav2vec-ft-asr,googlesr
09,set_09_7127-75947-0026.wav,well said mademoiselle de tonnay charente i also think a good deal but i take care,well said mademoiselle detonation i also think a good deal but i take care,well said mademoiselle dartagnan didnt i also think a good deal but i take care,0,3,googlesr,crdnn-rnnlm
09,set_09_7176-92135-0011.wav,now the object of this soliloquy is plain,now the object of this solar quay is plain,now the object of this soliloquy is playing,1,2,whisper-base,googlesr
09,set_09_7176-92135-0035.wav,then lord tuppeny well what about auction,what about auction,then lord tuppenny well what about auction,0,3,googlesr,crdnn-rnnlm
09,set_09_8555-284449-0013.wav,scuse me said trot i neglected to tell you that you are not the boolooroo any more,excuse me said trot i neglected to tell you that youre not the boolooroo any more,i neglected to tell you that youre not the boolaroo anymore,3,0,wav2vec-ft-asr,googlesr
09,set_09_8555-284449-0015.wav,i will not be wicked any more sighed the old boolooroo i will reform,ill not be wicked anymore side the old booleroo ill reform,ill not be wicked any more sighed the old booloro ill reform,2,1,whisper-base,crdnn-rnnlm
10,set_10_1284-1181-0020.wav,dear me what a chatterbox you are getting to be unc remarked the magician who was pleased with the compliment,dear me what a chatterbox youre getting to be young remarkthem magician who was pleased with the compliment,dear me what a chatterbox are getting to be there remarked the magician who was pleased with the compliment,0,3,whisper-base,crdnn-rnnlm
10,set_10_1580-141084-0003.wav,no names please said holmes as we knocked at gilchrist is door,no names please said holmes as we knocked at gilkers door,no names please sit holmes as we knocked at gilchrist door,0,3,wav2vec-ft-asr,googlesr
10,set_10_1995-1826-0023.wav,goobers do not grow on the tops of vines but underground on the roots like yams is that so,goobles dont grow on the tops of vans but on the ground on the roots like yaums is that so,jewels dont grow on the tops of vases but on the ground on the roots like yams isnt that so,2,1,wav2vec-ft-asr,crdnn-rnnlm
10,set_10_1995-1837-0005.wav,she was so strange and human a creature,she was so strange in human accretion,she was so strange in human a creature,0,3,whisper-base,googlesr
10,set_10_2094-142345-0024.wav,munny my iron is twite told pease put it down to warm,money mirons twite told beese put it down to worm,money my irons tight told please put it down to warm,1,2,wav2vec-ft-asr,googlesr
10,set_10_237-126133-0005.wav, shes always at the piano said van she must be there now somewhere and then somebody laughed, shes always at the piano said van she must be there now somewhere and then somebody laugh,she must be there now somewhere and then somebody laugh,3,0,wav2vec-ft-asr,googlesr
10,set_10_2961-961-0009.wav,tell us said the other the whole story and where solon heard the story,tell us said the other the whole story and where salon heard the story,tell us that the other the whole story and where is soul and her the story,2,1,wav2vec-ft-asr,googlesr
10,set_10_4446-2271-0010.wav,he is another who is awfully keen about her let me introduce you,let me introduce you,hes another whos awfully keen about her let me introduce,0,3,googlesr,wav2vec-ft-asr
10,set_10_4446-2273-0006.wav,they are all sketches made about the villa d este you see,they are all sketches made about the valdosta you see,they are all sketches made about the villa deste you see,0,3,googlesr,crdnn-rnnlm
10,set_10_4992-41797-0019.wav,olives mournful black eyes met nancy is sparkling brown ones,all of his mournful black eyes meant nancys sparkling brown ones,olives mournful black eyes met nancys sparkling brown one,0,3,whisper-base,wav2vec-ft-asr
10,set_10_4992-41806-0005.wav,next came olives turn to help in the ceremonies,next came all of stern to help in the ceremonies,next came olive turn to help in the ceremonies,0,3,whisper-base,wav2vec-ft-asr
10,set_10_5142-33396-0018.wav,my dragons belly is never full and on board went the gold,my dragons belly is never full and im bored with the gold,my dragons belly is never full and on board went gold,0,3,googlesr,wav2vec-ft-asr
10,set_10_5142-36377-0011.wav,mister jago is an american philip,this jago is an american philip,is diego is an american phil,3,0,whisper-base,googlesr
10,set_10_5142-36377-0018.wav,he looked up at naomi doubtingly from his plate and looked down again slowly with a frown,he looked up at naome doubtingly from his plate and looked down again slowly with a frown,and look down again slowly with a frown,3,0,wav2vec-ft-asr,googlesr
10,set_10_61-70968-0028.wav,the head and chief of the riot the nottingham apprentice with clenched fists threatened montfichet,the head in chief of the riot the nottingham apprenticed with clenched fists threatened monfichet,the hidden chief of the riot the nottingham apprentice with clenched fists threatened monthly she,2,1,wav2vec-ft-asr,googlesr
10,set_10_61-70968-0052.wav,but who is this fellow plucking at your sleeve,but who is this fellow plucking interest steve,but who is this fellow plucking at your steeve,0,3,googlesr,wav2vec-ft-asr
10,set_10_61-70968-0059.wav,it will be no disappointment to me,itll be not disappointment to me,itll be no disappointment disappointment to me,3,0,wav2vec-ft-asr,crdnn-rnnlm
10,set_10_6829-68771-0027.wav,they they excite me in some way and i i can not bear them you must excuse me,they excite me in some way and i cant bear them you must excuse me,they they excite me in some way and i i cant bear them you must excuse me,0,3,googlesr,crdnn-rnnlm
10,set_10_8463-294828-0019.wav,anyhow we will leave instructions to ship the whole menagerie to france,anyhow well leave instructions to ship the home in asgery to france,anyhow well leave instructions to ship the whole menagerie to france,0,3,whisper-base,googlesr
10,set_10_8555-284449-0015.wav,i will not be wicked any more sighed the old boolooroo i will reform,how will not be wicked anymore by the old bluray how re,ill not be wicked any more sighed the old boolooroo ill reform,0,3,googlesr,crdnn-rnnlm
11,set_11_121-127105-0021.wav,will not you tell douglas,wont you tell doug,wont you tell dougles,0,3,googlesr,crdnn-rnnlm
11,set_11_1320-122612-0007.wav,chingachgook had caught the look and motioning with his hand he bade him speak,chingachguk had caught the look and motioning with his hand he baited him speak,and motioning with his hand he bathed him speak,3,0,whisper-base,googlesr
11,set_11_1995-1836-0007.wav,but you believe in some education asked mary taylor,do believe in some education ask mary taylor,do you believe in some education asked mary taylor,0,3,whisper-base,wav2vec-ft-asr
11,set_11_2094-142345-0024.wav,munny my iron is twite told pease put it down to warm,money mirons twite told beese put it down to worm,money my irons tight told please put it down to warm,1,2,wav2vec-ft-asr,googlesr
11,set_11_237-134493-0000.wav,it is 16 years since john bergson died,it is 16 years since john birx and died,it is 16 years since john burgson died,0,3,whisper-base,wav2vec-ft-asr
11,set_11_237-134500-0011.wav,are not you splashed look at the spider webs all over the grass,arent you splashed look at the spider webs all over the grass,archie splashed look at the spider webs all over the grass,3,0,googlesr,crdnn-rnnlm
11,set_11_237-134500-0014.wav,and emil mowed his way slowly down toward the cherry trees,add email mode his way slowly down toward the cherry trees,and amiel mowed his way slowly down towards the cherry trees,1,2,googlesr,crdnn-rnnlm
11,set_11_260-123286-0014.wav,truly this sea is of infinite width,truly this c is of infinite width,truly the sea is of infinite width,1,2,whisper-base,wav2vec-ft-asr
11,set_11_4446-2273-0006.wav,they are all sketches made about the villa d este you see,they are all sketches made about the villa de steucie,they are all sketches made about the villa deste you see,2,1,whisper-base,crdnn-rnnlm
11,set_11_4446-2275-0008.wav,when did you come bartley and how did it happen you have not spoken a word,when to do com partly and how did it happen you havent spoken a word,when did you come bartley and how did it happen you havent spoken a word,0,3,whisper-base,wav2vec-ft-asr
11,set_11_4507-16021-0038.wav,in this guise it becomes horrible,in this guys it becomes horrible,in the skies it becomes horrible,2,1,whisper-base,googlesr
11,set_11_61-70968-0042.wav,montfichet called out for robin to give him an arm,montfiget called out for robin to give him an arm,called out for robin to give him an arm,3,0,wav2vec-ft-asr,googlesr
11,set_11_61-70970-0001.wav,there befell an anxious interview mistress fitzooth arguing for and against the squires project in a breath,will there be felon anxious interview mistress fit suits arguing for and against the squires project in the breath,there befell an anxious interview mistress fitzooth arguing foreign against the squires project in a breath,1,2,googlesr,crdnn-rnnlm
11,set_11_6829-68769-0009.wav,they were received in the little office by a man named markham who was the jailer,they received in the little office by a man named markham who was the jail,they were received in the little office by a man named markam who was the jailer,0,3,googlesr,wav2vec-ft-asr
11,set_11_6829-68771-0027.wav,they they excite me in some way and i i can not bear them you must excuse me,they excite me in some way and i cant bear them you must excuse me,they they excite me in some way and i i cant bear them you must excuse me,1,2,googlesr,crdnn-rnnlm
11,set_11_7127-75947-0026.wav,well said mademoiselle de tonnay charente i also think a good deal but i take care,well said mademoiselle detonation i also think a good deal but i take care,well said mademoiselle dartagnan didnt i also think a good deal but i take care,3,0,googlesr,crdnn-rnnlm
11,set_11_7127-75947-0033.wav,how is it la valliere said mademoiselle de tonnay charente that the vicomte de bragelonne spoke of you as louise,how is it lavalier said mademoiselle de tanishaunt that the v compte bragallone spoke of you as louise,how is it le valier said mademoiselle de tenichamant that the vicomte de brag alone spoke of you as louise,0,3,whisper-base,wav2vec-ft-asr
11,set_11_7176-92135-0041.wav,re enter butler and 3 footmen who remove the tea things hostess to guest,reinterbottler and 3 footmen who removed the tthings hostess to guest,reinter butler and 3 footmen who removed the tea things hostess 2 guests,1,2,whisper-base,wav2vec-ft-asr
11,set_11_7176-92135-0045.wav,lord john taking out gold cigarette case from his left hand upper waistcoat pocket,laura john taking out gold cigarette case from his left hand upper waist coast pocket,lower john taking out gold cigarette case from his left hand upper west coast paak,3,0,whisper-base,googlesr
11,set_11_8555-284447-0003.wav,but cap n bill made no such attempt knowing it would be useless,puccatonville made no such attempt knowing it would be useless,put cotton belt made no such attempt knowing it would be useless,2,1,whisper-base,googlesr
12,set_12_121-127105-0021.wav,wont you tell douglas,wont you tell dougles,wont you tell doug,3,0,wav2vec-ft-asr,googlesr
12,set_12_2094-142345-0035.wav,but not more than whats in the bible aunt said dinah,but not more than whats in the bible aunt said dinahh,but not more than whats in the bible and sadina,2,1,wav2vec-ft-asr,googlesr
12,set_12_2094-142345-0058.wav,by the by i have never seen your dairy i must see your dairy missus poyser,byebye ive never seen your diary am i see your dairy missus poyser,by the bye i have never seen your dairy you must see your dairy missus poyser,0,3,googlesr,crdnn-rnnlm
12,set_12_237-126133-0016.wav, no jasper i must go by my very own self, no japser i must go by my very own self,i must go by my very own self,3,0,wav2vec-ft-asr,googlesr
12,set_12_237-134493-0010.wav,i never see lou is scythe over here,i never see loose side over here,i never see los scythe over here,1,2,whisper-base,wav2vec-ft-asr
12,set_12_2961-960-0016.wav,but plato has not the same mastery over his instrument which he exhibits in the phaedrus or symposium,but plato has not the same mystery over his instrument which he exhibits either phedres or symposium,put playdoh has not the same mastery over his instrument which he exhibits in the features or symposium,2,1,wav2vec-ft-asr,googlesr
12,set_12_3729-6852-0043.wav,i reside in the marais rue de douze portes,i reside in the maverick groudon sport,i reside in the mara grue de dusport,0,3,googlesr,wav2vec-ft-asr
12,set_12_4446-2275-0044.wav,do not cry do not cry he whispered,dont cry dont cry he whispered,i dont cry dont cry he whisper,3,0,whisper-base,googlesr
12,set_12_5142-36377-0000.wav,it was one of the masterly and charming stories of dumas the elder,it was one of the masterly and charming stories of dimaal the elder,charming stories of jamal the elder,3,0,whisper-base,googlesr
12,set_12_61-70968-0052.wav,but who is this fellow plucking at your sleeve,but who is this fellow plucking at your steve,but who is this fellow plucking interest steve,3,0,whisper-base,googlesr
12,set_12_61-70970-0001.wav,there befell an anxious interview mistress fitzooth arguing for and against the squires project in a breath,therebefell an anxious interview mistress fitzooth arguing for and against the squires project in a breath,will there be felon anxious interview mistress fit suits arguing for and against the squires project in the breath,2,1,wav2vec-ft-asr,googlesr
12,set_12_672-122797-0039.wav,i will not tremble to morrow thought the fir tree,i wont tremble to morrow thought the fir tree,i wont trimble tomorrow,2,1,wav2vec-ft-asr,googlesr
12,set_12_7127-75947-0033.wav,how is it la valliere said mademoiselle de tonnay charente that the vicomte de bragelonne spoke of you as louise,how is it lavalier said mademoiselle detention on that the vehicle loans spoke of you as louise,how is it le valier said mademoiselle de tenichamant that the vicomte de brag alone spoke of you as louise,1,2,googlesr,wav2vec-ft-asr
12,set_12_7176-92135-0009.wav,and i should begin with a short homily on soliloquy,and i should begin with a short homily on the little equi,and i shoull begin with a short homily on soliloquy,1,2,whisper-base,wav2vec-ft-asr
12,set_12_7176-92135-0020.wav,9923 elsinore 99 yes hallo is that you horatio hamlet speaking,99 to 3 elzinor double not yes hello is that you horatio hamlet speaking,9923 elizabeth the double knot yes hello is that you horatio hamlet speaking,1,2,wav2vec-ft-asr,crdnn-rnnlm
12,set_12_7176-92135-0035.wav,then lord tuppeny well what about auction,then lurid tupini well what about auction,then lord tuppanny well what about auction,0,3,whisper-base,wav2vec-ft-asr
12,set_12_7176-92135-0045.wav,lord john taking out gold cigarette case from his left hand upper waistcoat pocket,lord john taking out goldsigarette case from his left hand upper waistcoat pocket,lower john taking out gold cigarette case from his left hand upper west coast paak,3,0,wav2vec-ft-asr,googlesr
12,set_12_7729-102255-0031.wav,he continued his pretended search and to give color to his errand made 2 arrests,he continued his pretended surge and to give color to his aaron made 2 arrests,he continued his pretended search and to give color to his errand made to arrest,0,3,googlesr,crdnn-rnnlm
12,set_12_8555-284447-0009.wav,mornin girls hope ye feel as well as ye look,morning girls hope you feel as well as you look,mourning girls are people as well as ye look,3,0,googlesr,crdnn-rnnlm
12,set_12_8555-284449-0013.wav,scuse me said trot i neglected to tell you that you are not the boolooroo any more,excuse me said trot i neglected to tell you that youre not the boolooroo any more,i neglected to tell you that youre not the boolaroo anymore,3,0,wav2vec-ft-asr,googlesr
13,set_13_1580-141083-0021.wav,there is no opening except the one pane said our learned guide,there is no opening except the one pain center learned guide,there is no opening except the one pain said our learned guide,1,2,googlesr,crdnn-rnnlm
13,set_13_237-134493-0000.wav,it is 16 years since john bergson died,it is 16 years since john burgson died,it is 16 years since john burkes mother died,2,1,wav2vec-ft-asr,crdnn-rnnlm
13,set_13_237-134500-0011.wav,are not you splashed look at the spider webs all over the grass,arent you splashed look at the spider webs all over the grass,archie splashed look at the spider webs all over the grass,3,0,wav2vec-ft-asr,crdnn-rnnlm
13,set_13_237-134500-0014.wav,and emil mowed his way slowly down toward the cherry trees,and amiel mowed his way slowly down toward the cherry trees,add email mode his way slowly down toward the cherry trees,2,1,wav2vec-ft-asr,googlesr
13,set_13_4446-2271-0018.wav,she considered a moment and then said no i think not though i am glad you ask me,she considered for a moment and then said no i think not though i am glad you ask me,she considered for a moment and then said no i think not the way im glad you asked me,3,0,wav2vec-ft-asr,googlesr
13,set_13_4970-29095-0036.wav,has thee consulted thy mother about a career i suppose it is a career thee wants,has dee consulted my mother about a career i suppose it is a career he wants,has thee consulted thy mother about a career i suppose it is a career of thee wants,1,2,whisper-base,wav2vec-ft-asr
13,set_13_5142-33396-0000.wav,at another time harald asked,at another time harold asked,add another time herald,3,0,wav2vec-ft-asr,googlesr
13,set_13_5142-33396-0007.wav,at the prow i carved the head with open mouth and forked tongue thrust out,hit the prow i carved the head with open mouth and forked tongue thrust out,at the prowl i call off the head with open mouth and forked tongue thrust out,2,1,whisper-base,googlesr
13,set_13_5142-36377-0000.wav,it was one of the masterly and charming stories of dumas the elder,it was one of the masterly and charming stories of demaus the elder,charming stories of jamal the elder,3,0,wav2vec-ft-asr,googlesr
13,set_13_5142-36377-0018.wav,he looked up at naomi doubtingly from his plate and looked down again slowly with a frown,and look down again slowly with a frown,he looked up at naome doubtingly from his plate and looked down again slowly with a frown,0,3,googlesr,wav2vec-ft-asr
13,set_13_672-122797-0039.wav,i wont tremble to morrow thought the fir tree,i wont tremble to morrow thought the fer tree,i wont trimble tomorrow,2,1,wav2vec-ft-asr,googlesr
13,set_13_6829-68769-0017.wav,worse tom worse n ever replied the jailer gloomily,worse tom worse than ever replied the jailer gloomily,where is tom wheres the nearest replied that taylor coleman,3,0,wav2vec-ft-asr,googlesr
13,set_13_6829-68771-0021.wav,but it cant be protested the girl,but it cant be protest the girl,but it cant be protested the,3,0,whisper-base,googlesr
13,set_13_7127-75947-0033.wav,how is it la valliere said mademoiselle de tonnay charente that the vicomte de bragelonne spoke of you as louise,how is it le valier said mademoiselle de tenichamant that the vicomte de brag alone spoke of you as louise,how is it la valliere said mademoiselle de commission that the vicomte de bragelonne spoke of you as louise,0,3,wav2vec-ft-asr,crdnn-rnnlm
13,set_13_7176-92135-0009.wav,and i should begin with a short homily on soliloquy,and i shoull begin with a short homily on soliloquy,and i should begin with a short homily on syllography,2,1,wav2vec-ft-asr,crdnn-rnnlm
13,set_13_7176-92135-0035.wav,then lord tuppeny well what about auction,then lurid tupini well what about auction,then lord tuppenny well what about auction,0,3,whisper-base,crdnn-rnnlm
13,set_13_7176-92135-0041.wav,re enter butler and 3 footmen who remove the tea things hostess to guest,reenter butler and 3 ft men who removed the tea things hostess to,re enter butler and 3 footmen who removed the tea things hostess to guest,0,3,googlesr,crdnn-rnnlm
13,set_13_8463-294828-0034.wav,we will be quite comfortable here i told conseil,will be quite comfortable here i told conseil,will be quite comfortable here i told him say,3,0,wav2vec-ft-asr,googlesr
13,set_13_8555-284449-0013.wav,scuse me said trot i neglected to tell you that youre not the boolooroo any more,excuse me said trot i neglected to tell you that youre not the boolooroo any more,i neglected to tell you that youre not the boolaroo anymore,3,0,wav2vec-ft-asr,googlesr
13,set_13_8555-284449-0015.wav,ill not be wicked any more sighed the old boolooroo ill reform,ill not be wicked anymore side the old booleroo ill reform,not be wicked any more sighed the old boolooroo ill reform,0,3,whisper-base,wav2vec-ft-asr
14,set_14_1089-134686-0001.wav,stuff it into you his belly counseled him,stuffed into you his belly countled him,stuffered into you his belly counseled him,1,2,whisper-base,wav2vec-ft-asr
14,set_14_1284-1180-0015.wav,we are traveling replied ojo and we stopped at your house just to rest and refresh ourselves,we are traveling replied ojo and we stop at your house just to rest and refresh ourselves,were traveling reply to joe and we stopped at your house just to rest and refresh ourselves,1,2,whisper-base,googlesr
14,set_14_2094-142345-0024.wav,munny my iron is twite told pease put it down to warm,money my irons dried told please put it down to warm,money mirons twite told beese put it down to worm,2,1,whisper-base,wav2vec-ft-asr
14,set_14_3575-170457-0009.wav,january and february of 1837 had passed away and still there was no reply from southey,january and february of 1837 had passed away and still there was no reply from saudi,january in february of 1837 had passed away and still there was no reply from the southie,1,2,googlesr,wav2vec-ft-asr
14,set_14_3729-6852-0027.wav,that is true badauderie,that is true badeltgree,that is true middle degree,3,0,wav2vec-ft-asr,crdnn-rnnlm
14,set_14_4446-2271-0008.wav,irene burgoyne one of her family told me in confidence that there was a romance somewhere back in the beginning,iren bergoin one of her family told me in confidence that there was a romance somewhere back in the beginning,somewhere back in the beginning,3,0,wav2vec-ft-asr,googlesr
14,set_14_4446-2271-0010.wav,hes another who is awfully keen about her let me introduce you,hes another whos awfully keen about her let me introduce you,let me introduce you,3,0,wav2vec-ft-asr,googlesr
14,set_14_4970-29093-0020.wav,why it is in missouri somewhere on the frontier i think we'll get a map,why its in missouri somewhere on the frontier i think well get a map,brighton missouri somewhere on the frontier i think well get a map,3,0,wav2vec-ft-asr,googlesr
14,set_14_4970-29095-0030.wav,father thee is unjust to philip hes going into business,father these are just to fill up hes going into business,father hes unjust to philip hes going into business,0,3,googlesr,crdnn-rnnlm
14,set_14_4992-41797-0006.wav,he keeps the thou shalt not commandments 1st rate hen lord does,he keeps the thou shalt not commandments 1st rate henlord does,he keeps that thou shalt not command its 1st rate henry does,3,0,wav2vec-ft-asr,crdnn-rnnlm
14,set_14_5105-28240-0010.wav,captain servadac hastened towards him,captain servadak hastened toward him,captain server deck hastened toward him,2,1,whisper-base,googlesr
14,set_14_5683-32866-0002.wav,but dont these very wise things sometimes turn out very foolishly,but dont these very wise things sometimes turn out foolishly,sometimes turn out very foolishly,3,0,wav2vec-ft-asr,googlesr
14,set_14_61-70968-0036.wav,george montfichet will never forget this day,george monkey say will never forget this day,george montfiget will never forget this day,0,3,googlesr,wav2vec-ft-asr
14,set_14_61-70968-0052.wav,but who is this fellow plucking at your sleeve,but who is this fellow plucking interest steve,but who is this fellow plucking at her sleeve,0,3,googlesr,crdnn-rnnlm
14,set_14_672-122797-0039.wav,i wont tremble to morrow thought the fir tree,i wont trimble tomorrow,i wont tremble to morrow thought the fer tree,1,2,googlesr,crdnn-rnnlm
14,set_14_672-122797-0058.wav,who is humpy dumpy asked the mice,who is ampidumpy ask the mice,who is humpy dumpy ask the mice,0,3,whisper-base,googlesr
14,set_14_7021-79740-0004.wav,you have come andella andella was the name of jane is doll to make rosalie a visit,you have come andela and dela was the name of jane stahl to make rosalie a visit,you have come and ella adela was the name of janes doll to make rosalie a visit,0,3,whisper-base,crdnn-rnnlm
14,set_14_7127-75947-0023.wav,it is too difficult replied mademoiselle de tonnay charente laughing loudly,it is too difficult replied mademoiselle on laughing loudly,it is too difficult replied mademoiselle dartagnan and laughing loudly,0,3,googlesr,crdnn-rnnlm
14,set_14_8463-294828-0034.wav,we will be quite comfortable here i told conseil,will be quite comfortable here i told conseil,will be quite comfortable here i told him say,3,0,wav2vec-ft-asr,googlesr
14,set_14_8555-284449-0015.wav,i will not be wicked any more sighed the old boolooroo i will reform,not be wicked any more sighed the old boolooroo ill reform,how will not be wicked anymore by the old bluray how re,2,1,wav2vec-ft-asr,googlesr
15,set_15_1089-134686-0016.wav,then you can ask him questions on the catechism dedalus,then you can ask him questions on the catechism deadliest,then you can ask him questions on the catechism daedalus,0,3,googlesr,crdnn-rnnlm
15,set_15_121-127105-0021.wav,will not you tell douglas,wont you tell dougles,wont you tell doug,2,1,wav2vec-ft-asr,googlesr
15,set_15_1284-1180-0015.wav,we are traveling replied ojo and we stopped at your house just to rest and refresh ourselves,were traveling reply to joe and we stopped at your house just to rest and refresh ourselves,we are traveling replied ojo and we stopp at your house just to rest and refresh ourselves,0,3,googlesr,wav2vec-ft-asr
15,set_15_1995-1826-0007.wav,find some cresswells there big plantations rated at 250000,find some crus wells there big plantations rated at 250000,find some creswells their big plantations rated at 250000,0,3,wav2vec-ft-asr,googlesr
15,set_15_1995-1826-0012.wav,she wanted a glance of the new books and periodicals and talk of great philanthropies and reforms,she wanted a glance of the new books and periodicals and talk of grateful,she wanted a glance of the new books in periodicals and talk of great philanthropies and reforms,0,3,whisper-base,googlesr
15,set_15_237-126133-0008.wav,asked phronsie with her little face close to pollys own,asked phronsie with her little face close to pollys own,ask frenzy with her little face close to pollys on,3,0,wav2vec-ft-asr,googlesr
15,set_15_237-126133-0016.wav, no jasper i must go by my very own self, no japsor im a scoped by my very own self,no japsar i must go by my very own self,0,3,whisper-base,wav2vec-ft-asr
15,set_15_2830-3980-0003.wav,paul came later and is beneath us,paul came later in is beneath us,call kim later in his beneath us,3,0,wav2vec-ft-asr,googlesr
15,set_15_2961-961-0009.wav,tell us said the other the whole story and where solon heard the story,tell us that the other the whole story and where is soul and her the story,tell us said the other the whole story and where salon heard the story,0,3,googlesr,wav2vec-ft-asr
15,set_15_3729-6852-0016.wav,madame quinson besides can answer your enquiries,madame quencent besides can answer your inquiries,madame quinn song besides can answer your inquiries,2,1,whisper-base,googlesr
15,set_15_4970-29095-0023.wav,i have nothing to wear replied that demure person,i have nothing to wear reply that to me or person,i have nothing to wear reply that demure person,0,3,whisper-base,googlesr
15,set_15_5142-33396-0000.wav,at another time harald asked,add another time herald,at another time harold asked,0,3,googlesr,crdnn-rnnlm
15,set_15_61-70968-0042.wav,montfichet called out for robin to give him an arm,montfiget called out for robin to give him an arm,called out for robin to give him an arm,3,0,wav2vec-ft-asr,googlesr
15,set_15_672-122797-0039.wav,i will not tremble to morrow thought the fir tree,i wont trimble tomorrow,i wont tremble to morrow thought the fer tree,0,3,googlesr,crdnn-rnnlm
15,set_15_672-122797-0056.wav,said the fir tree thinking over what he had himself related,so the fir tree thinking over what he had himself related,set the furry thinking over what he had himself related,3,0,whisper-base,googlesr
15,set_15_6829-68769-0013.wav,may we see gates at once asked kenneth,maybe see gates at once asked kenneth,bbc gates at once asked,3,0,wav2vec-ft-asr,googlesr
15,set_15_6930-76324-0010.wav,what in the world is that queried joyce,what in the world is it queried joyce,where in the world is it query choice,3,0,wav2vec-ft-asr,googlesr
15,set_15_7176-88083-0009.wav,the great hawk followed hurriedly to retrieve his prey from the ground,to retrieve his prey from the ground,the great huok followed hurriedly to retrieve his prey from the ground,0,3,googlesr,wav2vec-ft-asr
15,set_15_7176-92135-0020.wav,9923 elsinore 99 yes hallo is that you horatio hamlet speaking,9923 elsinore double knot yes hello is that you horacio handler speaking,99 to 3 elzinor double not yes hello is that you horatio hamlet speaking,1,2,googlesr,wav2vec-ft-asr
15,set_15_7176-92135-0045.wav,lord john taking out gold cigarette case from his left hand upper waistcoat pocket,laura john taking out gold cigarette case from his left hand upper waist coast pocket,lower john taking out gold cigarette case from his left hand upper west coast paak,3,0,whisper-base,googlesr
16,set_16_237-126133-0008.wav,asked phronsie with her little face close to pollys own,asked phronsie with her little face close to pollys on,ask frenzy with her little face close to pollys on,2,1,wav2vec-ft-asr,googlesr
16,set_16_237-134493-0010.wav,i never see lou is scythe over here,i never see lose sight over here,i never see los scythe over here,1,2,googlesr,wav2vec-ft-asr
16,set_16_237-134500-0028.wav,i am sure alexandra hopes you will stay on here she murmured,im sure alexander helps you will stay on here she murmured,i am sure alexandera hopes you will stay on here she murmured,0,3,whisper-base,wav2vec-ft-asr
16,set_16_2961-961-0003.wav,i will if timaeus approves i approve,i will give to me is approves i approve,i will if to me as approves i approve,1,2,googlesr,wav2vec-ft-asr
16,set_16_2961-961-0014.wav,9000 years have elapsed since she founded yours and 8000 since she founded ours as our annals record,9000 years have elapsed since she founded yours and 8000 since she foundet ours as ore annalds record,9000 years have you laughed since she founded yours and 8000 since she founded ours as our annals record,3,0,wav2vec-ft-asr,googlesr
16,set_16_4446-2271-0013.wav,do you know i thought the dance a bit conscious to night for the 1st time,you know i thought the dance a bit conscious tonight for the 1st time,you know i thought the dance ha be conscience to night for the 1st time,3,0,whisper-base,wav2vec-ft-asr
16,set_16_4992-41797-0016.wav,they could not run nor move they are just pasteboard,they couldnt run or move theyre just pace board,they couldnt run a move theyre just pasteboard,1,2,wav2vec-ft-asr,crdnn-rnnlm
16,set_16_5142-36377-0011.wav,mister jago is an american philip,mister yago is an american philip,is diego is an american phil,3,0,wav2vec-ft-asr,googlesr
16,set_16_5683-32866-0002.wav,but do not these very wise things sometimes turn out very foolishly,sometimes turn out very foolishly,but dont these very wise things sometimes turn out very foolishly,0,3,googlesr,crdnn-rnnlm
16,set_16_61-70968-0034.wav,a montfichet a montfichet gamewell to the rescue,a montvier a montvier game will to the rescue,gamewell to the rescue,1,2,whisper-base,googlesr
16,set_16_61-70968-0039.wav,and mine is will stuteley shall we be comrades,and mine is will stutley shall we become rats,and mine is will stutley shall we be comrades,0,3,googlesr,wav2vec-ft-asr
16,set_16_61-70968-0059.wav,it will be no disappointment to me,itll be no disappointment to me,itll be no disappointment disappointment to me,3,0,googlesr,crdnn-rnnlm
16,set_16_672-122797-0000.wav,out in the woods stood a nice little fir tree,out in the wood stood a nice little fir tree,out in the woods to the nice little fir tree,3,0,wav2vec-ft-asr,googlesr
16,set_16_6829-68769-0012.wav, say that is different observed markham altering his demeanor, say thats different observed markham altering as demeter,ill say thats different observed markham altering his demeanor,0,3,googlesr,crdnn-rnnlm
16,set_16_6829-68771-0021.wav,but it can not be protested the girl,but it cant be protested the girl,but it cant be protested the,3,0,wav2vec-ft-asr,googlesr
16,set_16_7176-92135-0035.wav,then lord tuppeny well what about auction,what about auction,then lord tuppanny well what about auction,1,2,googlesr,wav2vec-ft-asr
16,set_16_7729-102255-0031.wav,he continued his pretended search and to give color to his errand made 2 arrests,he continued his pretended surge and to give color to his aaron made 2 arrests,he continued his pretended surge and to give collor to his errand made to arrest,1,2,googlesr,wav2vec-ft-asr
16,set_16_8224-274384-0007.wav,have mercy lord on me i pray for men would me devour,have mercy lord on me i pray for men would meet the vower,have mercy lord on me i pray for men with me devour,0,3,whisper-base,googlesr
16,set_16_8463-294828-0005.wav,conseil was my manservant,casse was my man servant,call say wheres my manservant,2,1,whisper-base,googlesr
16,set_16_8555-284449-0015.wav,i will not be wicked any more sighed the old boolooroo i will reform,ill not be wicked anymore side the old booleroo i'll reform,how will not be wicked anymore by the old bluray how re,3,0,whisper-base,googlesr
17,set_17_1089-134686-0016.wav,then you can ask him questions on the catechism dedalus,then you can ask him questions on the catechism deadliest,then you can ask him questions on the catechism daedalus,0,3,googlesr,wav2vec-ft-asr
17,set_17_1188-133604-0040.wav,the crampness and the poverty are all intended,the crampness in the poverty are all intended,the krampus and the poverty are all intended,3,0,wav2vec-ft-asr,googlesr
17,set_17_2094-142345-0024.wav,munny my iron is twite told pease put it down to warm,money my irons tight told please put it down to warm,funny my irons tight told hes put it down to warm,3,0,googlesr,crdnn-rnnlm
17,set_17_237-134500-0011.wav,are not you splashed look at the spider webs all over the grass,arent you splashed look at the spider webs all over the grass,archie splashed look at the spider webs all over the grass,3,0,whisper-base,crdnn-rnnlm
17,set_17_260-123286-0007.wav,he called this sea a pond and our long voyage taking a little sail,he called this sea upon and our long voyage taking a little sail,he called the sia pawn and i lost voice taking a little sale,3,0,wav2vec-ft-asr,googlesr
17,set_17_2830-3980-0003.wav,paul came later and is beneath us,paul came later in his beneath us,call kim later in his beneath us,3,0,whisper-base,googlesr
17,set_17_2961-961-0003.wav,i will if timaeus approves i approve,i will if to me as a proofs i approve,i will give to me is approves i approve,0,3,whisper-base,googlesr
17,set_17_4446-2271-0013.wav,do you know i thought the dance a bit conscious to night for the 1st time,you know i thought the dance a bit conscious tonight for the 1st time,you know i thought the dance had been conscience tonight for the 1st time,3,0,whisper-base,crdnn-rnnlm
17,set_17_4446-2275-0044.wav,do not cry do not cry he whispered,dont cry dont cry he whispered,i dont cry dont cry he whisper,3,0,wav2vec-ft-asr,googlesr
17,set_17_5142-36377-0010.wav,he is not well he has come over the ocean for rest and change of scene,he is not well he has come over the ocean for rest and changes scene,youre not well yes come over the ocean for rest and change a scene,3,0,whisper-base,googlesr
17,set_17_61-70968-0039.wav,and mine is will stuteley shall we be comrades,and mine is will stutley shall we be comrades,and mine is will stutley shall we become rats,3,0,wav2vec-ft-asr,googlesr
17,set_17_672-122797-0000.wav,out in the woods stood a nice little fir tree,out in the wood stood a nice little fir tree,out in the woods to the nice little fir tree,3,0,wav2vec-ft-asr,googlesr
17,set_17_6829-68769-0013.wav,may we see gates at once asked kenneth,maybe see gates at once ask kenneth,bbc gates at once asked,3,0,whisper-base,googlesr
17,set_17_6829-68771-0020.wav,then she gave a little laugh and replied no miss beth i am elizabeth parsons,then she gave a little laugh and replied no miss beth im elizabeth parsons,im elizabeth parsons,3,0,wav2vec-ft-asr,googlesr
17,set_17_6829-68771-0021.wav,but it can not be protested the girl,but it cant be protested the,but it cant be protested the girl,0,3,googlesr,crdnn-rnnlm
17,set_17_6930-76324-0025.wav,why its goliath as usual they both cried peering in,why its quiet as usual they both cry peering in,why its glieth as usual they both cried peering in,0,3,whisper-base,wav2vec-ft-asr
17,set_17_7127-75947-0021.wav,la valliere is quite a poetess said tonnay charente,lavalier is quite a poetess said tone charent,the valley is quite a poetess said tony shalom,3,0,wav2vec-ft-asr,googlesr
17,set_17_7127-75947-0033.wav,how is it la valliere said mademoiselle de tonnay charente that the vicomte de bragelonne spoke of you as louise,how is it lavalier said mademoiselle de tanishaunt that the v compte bragallone spoke of you as louise,how is it le valier said mademoiselle de tenichamant that the vicomte de brag alone spoke of you as louise,2,1,whisper-base,wav2vec-ft-asr
17,set_17_7176-92135-0045.wav,lord john taking out gold cigarette case from his left hand upper waistcoat pocket,lord john taking out goldsigarette case from his left hand upper waistcoat pocket,lower john taking out gold cigarette case from his left hand upper west coast paak,3,0,wav2vec-ft-asr,googlesr
17,set_17_8555-284447-0009.wav,mornin girls hope ye feel as well as ye look,morning girls hope you feel as well as you look,mourning girls are people as well as ye look,3,0,whisper-base,crdnn-rnnlm
18,set_18_1580-141083-0043.wav,the top floor belongs to miles mc laren,the top floor belongs to myles mc claren,the top floor belongs to mi mclaren,3,0,wav2vec-ft-asr,googlesr
18,set_18_1995-1826-0023.wav,goobers do not grow on the tops of vines but underground on the roots like yams is that so,google do not on the tops of vines but underground on the roots like yams is that so,goobles do not on the tops of vans but on the ground on the roots like yaums is that so,2,1,googlesr,wav2vec-ft-asr
18,set_18_2094-142345-0034.wav,and there is linen in the house as i could well spare you for i have got lots 0 sheeting and table clothing and toweling as is not made up,and theres linen in the house as i could well spare you for i i have of sheeting and table clothing and towling as isnt made is not,i got lots of sheeting and table clothing and toweling isnt made up i have is not,2,1,wav2vec-ft-asr,googlesr
18,set_18_237-126133-0000.wav,here she would stay comforted and soothed among the lovely plants and rich exotics rejoicing the heart of old turner the gardener who since polly is 1st rapturous entrance had taken her into his good graces for all time,among the lovely plants and rich exotics rejoicing the heart of old turner the gardener who sings pollys 1st rapturous entrance had taken her into his good graces for all time,here she would stay comforted and soothed among the lovely plants and rich exotics rejoicing the heart of old turner the gardener who since pollys 1st rapturous entrance had taken her into his good graces for all time,0,3,googlesr,crdnn-rnnlm
18,set_18_237-126133-0005.wav,0 she is always at the piano said van she must be there now somewhere and then somebody laughed,she she is there now somewhere and then somebody laugh,0 she is at the piano said van she must be there now somewhere and then somebody laughed,0,3,googlesr,crdnn-rnnlm
18,set_18_237-134493-0010.wav,i never see lou is scythe over here,i never see los scythe over here,i never see lose sight over here,3,0,wav2vec-ft-asr,googlesr
18,set_18_2961-961-0003.wav,i will if timaeus approves i approve,i will if to me as a proofs i approve,i will give to me is approves i approve,2,1,whisper-base,googlesr
18,set_18_5142-33396-0052.wav,here is a ring for sif the friendly and here is a bracelet a sword would not be ashamed to hang at your side,heres a ring for schizophrenia and here is a bracelet and a sword would not would not to hang at your side,here is a ring for sift the friendly and here is a bracelet and a would not not be ashamed to hang at your side,1,2,googlesr,crdnn-rnnlm
18,set_18_5142-36377-0000.wav,it was one of the masterly and charming stories of dumas the elder,it was one of the masterly and charming stories of dimaal the elder,charming stories of jamal the elder,3,0,whisper-base,googlesr
18,set_18_672-122797-0039.wav,i will not tremble to morrow thought the fir tree,i will not to morrow thought the fir tree,i will not tomorrow,3,0,wav2vec-ft-asr,googlesr
18,set_18_6930-81414-0012.wav,said another voice which i recognized as voltaire is kaffar,set another voice which i recognized as vultures kaffir,said another voice which i recognized as voltaires kaffir,0,3,googlesr,crdnn-rnnlm
18,set_18_7127-75947-0021.wav,la valliere is quite a poetess said tonnay charente,the valleier is quite a poetess said tony shant,lavalier is quite a poetess said tone charent,0,3,whisper-base,wav2vec-ft-asr
18,set_18_7127-75947-0023.wav,it is too difficult replied mademoiselle de tonnay charente laughing loudly,it is too difficult replied mademoiselle de tanichalrente laughing loudly,it is too difficult replied mademoiselle on laughing loudly,3,0,wav2vec-ft-asr,googlesr
18,set_18_7127-75947-0033.wav,how is it la valliere said mademoiselle de tonnay charente that the vicomte de bragelonne spoke of you as louise,how is it lavalier said mademoiselle de tanishaunt that the v compte bragallone spoke of you as louise,how is it la valliere said mademoiselle de commission that the vicomte de bragelonne spoke of you as louise,1,2,whisper-base,crdnn-rnnlm
18,set_18_7729-102255-0027.wav,footnote sumner to shannon may 12th 1856,footnote summner to shannon may 12 1856,fotnote sumner to shannon may 12th 1856,1,2,whisper-base,wav2vec-ft-asr
18,set_18_8555-284447-0003.wav,but cap n bill made no such attempt knowing it would be useless,but capn bill made no such attempt knowing it would be useless,put cotton belt made no such attempt knowing it would be useless,3,0,wav2vec-ft-asr,googlesr
18,set_18_8555-284447-0022.wav,i had a notion it was you mate as saved me from the knife,i elan ocean it was you mate a se me from the knife,i had a notion it was you made to save me from the knife,0,3,whisper-base,crdnn-rnnlm
18,set_18_8555-284449-0015.wav,i will not be wicked any more sighed the old boolooroo i will reform,ill will not wicked anymore side the old booleroo ill reform,how will not be wicked anymore by the old bluray how re,3,0,whisper-base,googlesr
18,set_18_908-157963-0015.wav,0 little cloud the virgin said i charge thee to tell me why thou complainest now when in one hour thou fade away then we shall seek thee but not find ah thel is like to thee,a little cloud the virgin said i charge thee to tell me why thou complaint is now when in one hour that way then we shall seek thee but not find a fell is like to be,0 little cloud the virgin said i charge thee to tell me why thou complainest now when in one hour thou fade away then we shall seek thee but not find ah fell as like to thee,0,3,googlesr,wav2vec-ft-asr
18,set_18_908-31957-0017.wav,mussulmans and giaours throw kerchiefs at a smile and have no ruth for any weeping,musclemans and gaiors throw kirchiffs at a smile and have no roof for any weeping,musselmans and guy wars throw kerchiefs at a smile and have no ruth for any weeping,1,2,whisper-base,googlesr
19,set_19_1089-134686-0016.wav,then you can ask him questions on the catechism dedalus,then you can ask him questions on the catechism deadliest,then you can ask him questions on the catechism daedalus,0,3,googlesr,crdnn-rnnlm
19,set_19_1580-141084-0003.wav,no names please said holmes as we knocked at gilchrist is door,no names please said holmes as we knocked at gilkers door,no names please sit holmes as we knocked at gilchrist door,2,1,wav2vec-ft-asr,googlesr
19,set_19_1995-1826-0006.wav,been looking up tooms county,been looking up to hums county,been looking up toombs county,0,3,whisper-base,googlesr
19,set_19_1995-1837-0000.wav,he knew the silver fleece his and zora is must be ruined,he knew the silver fleece his and zoras must be ruined,must be ruined,3,0,whisper-base,googlesr
19,set_19_2094-142345-0045.wav,0 sir do not mention it said missus poyser,could not do not,0 sir do not it said missus poyser,0,3,googlesr,wav2vec-ft-asr
19,set_19_237-126133-0016.wav,0 no jasper i must go by my very own self,i must go by my very own self,0 no doctor i must go by my very own self,1,2,googlesr,crdnn-rnnlm
19,set_19_237-126133-0017.wav,there jap you have caught it laughed percy while the others screamed at the sight of jasper is face,bear jab you have it last percy while the others screamed at the side of jaspers face,there jap you have it laughed percy while the others screamed at the sight of jaspers face,0,3,googlesr,crdnn-rnnlm
19,set_19_260-123286-0014.wav,truly this sea is of infinite width,truly this c is of infinite width,truly the sea is of infinite width,0,3,whisper-base,googlesr
19,set_19_3575-170457-0009.wav,january and february of 1837 had passed away and still there was no reply from southey,january and february of 1837 had passed away and still there was no reply from the cell,january in february of 1837 had passed away and still there was no reply from the southie,0,3,whisper-base,wav2vec-ft-asr
19,set_19_3729-6852-0043.wav,i reside in the marais rue de douze portes,i reside in the marrae grouda du sport,i reside in the mara grue de dusport,3,0,whisper-base,wav2vec-ft-asr
19,set_19_4446-2271-0010.wav,he is another who is awfully keen about her let me introduce you,he is introduce you,he is whos awfully keen about her let me introduce you,0,3,googlesr,crdnn-rnnlm
19,set_19_4446-2273-0006.wav,they are all sketches made about the villa d este you see,they are all sketches made about the valdosta you see,they are all sketches made about the villa deste you see,1,2,googlesr,crdnn-rnnlm
19,set_19_4446-2275-0044.wav,do not cry do not cry he whispered,do not cry do not he whisper,do not dont do not whispered,3,0,googlesr,crdnn-rnnlm
19,set_19_4992-41806-0005.wav,next came olive is turn to help in the ceremonies,next came all of stern to help in the ceremonies,next came olives turn to help in the ceremonies,0,3,whisper-base,wav2vec-ft-asr
19,set_19_5683-32866-0002.wav,but do not these very wise things sometimes turn out very foolishly,but do not very wise things sometimes turn out very foolishly,sometimes do not very foolishly,3,0,wav2vec-ft-asr,googlesr
19,set_19_7127-75947-0023.wav,it is too difficult replied mademoiselle de tonnay charente laughing loudly,it is too difficult replied mademoiselle de tanichalrente laughing loudly,it is too difficult replied mademoiselle on laughing loudly,2,1,wav2vec-ft-asr,googlesr
19,set_19_8555-284449-0006.wav,do not worry sizzle dear it will all come right pretty soon,do not cisil dear it all come right pretty soon,do not sizzle dear itll all come right pretty soon,0,3,wav2vec-ft-asr,googlesr
19,set_19_8555-284449-0013.wav,scuse me said trot i neglected to tell you that you are not the boolooroo any more,i neglected to tell you that youre not the boolaroo you are not,excuse me said shot i neglected to tell you that you are not boolooroo any more,0,3,googlesr,crdnn-rnnlm
19,set_19_908-157963-0030.wav,why an ear a whirlpool fierce to draw creations in,hawaiian ear a whirlpool fierce to draw creations in,why an here a whirlpool fierce to draw creations in,0,3,googlesr,crdnn-rnnlm
19,set_19_908-31957-0017.wav,mussulmans and giaours throw kerchiefs at a smile and have no ruth for any weeping,musclemans and gaiors throw kirchiffs at a smile and have no roof for any weeping,mussulmans and guyors throw kerchiefs at a smile and have no ruth for any weeping,1,2,whisper-base,wav2vec-ft-asr
20,set_20_1284-1180-0023.wav,you see i have lived all my life with unc nunkie the silent one and there was no one to tell me anything,uci ive i have my life without monkey the silent one and there was no one to tell me anything,you see i have all my life with unc nunkie the silent one and there was no one to tell me anything,0,3,googlesr,wav2vec-ft-asr
20,set_20_1995-1826-0006.wav,been looking up tooms county,been looking up to hums county,been looking up tombs county,1,2,whisper-base,wav2vec-ft-asr
20,set_20_1995-1836-0007.wav,but you believe in some education asked mary taylor,do believe in some education ask mary taylor,do you believe in some education asked mary taylor,1,2,whisper-base,wav2vec-ft-asr
20,set_20_1995-1837-0000.wav,he knew the silver fleece his and zora is must be ruined,must be ruined,he knew the silver fleece his enzorahs must be ruined,1,2,googlesr,wav2vec-ft-asr
20,set_20_2094-142345-0024.wav,munny my iron is twite told pease put it down to warm,money my irons dried told please put it down to warm,funny my irons tight told hes put it down to warm,3,0,whisper-base,crdnn-rnnlm
20,set_20_237-134500-0014.wav,and emil mowed his way slowly down toward the cherry trees,and emil mode his way slowly down toward the gerry trees,and amiel mowed his way slowly down toward the cherry trees,0,3,whisper-base,wav2vec-ft-asr
20,set_20_2961-961-0003.wav,i will if timaeus approves i approve,i will if to me as a proofs i approve,i will give to me is approves i approve,2,1,whisper-base,googlesr
20,set_20_3729-6852-0027.wav,that is true badauderie,that is true badeltgree,that is true by deathly,3,0,wav2vec-ft-asr,googlesr
20,set_20_4970-29093-0020.wav,why it is in missouri somewhere on the frontier i think we will get a map,brighton it is on the frontier i think well get a map,why it is miseries somewhere on the frontier i think well get a map,0,3,googlesr,crdnn-rnnlm
20,set_20_4970-29095-0030.wav,father thee is unjust to philip he is going into business,father these are just to fill he is going into business,father hes unjust to philip hes he is business,2,1,googlesr,crdnn-rnnlm
20,set_20_5142-33396-0018.wav,my dragon is belly is never full and on board went the gold,my dragons belly is never full and im bored with the gold,my dragons belly is never full and on board went the gold,2,1,googlesr,crdnn-rnnlm
20,set_20_5142-36377-0000.wav,it was one of the masterly and charming stories of dumas the elder,it was one of the masterly and charming stories of demaus the elder,charming stories of jamal the elder,2,1,wav2vec-ft-asr,googlesr
20,set_20_5142-36377-0011.wav,mister jago is an american philip,mister yago is an american philip,is diego is an american phil,3,0,wav2vec-ft-asr,googlesr
20,set_20_5683-32866-0002.wav,but do not these very wise things sometimes turn out very foolishly,sometimes do not very foolishly,but do not very wise things sometimes turn out very foolishly,0,3,googlesr,wav2vec-ft-asr
20,set_20_61-70968-0052.wav,but who is this fellow plucking at your sleeve,but who is this fellow plucking interest steve,but who is this fellow plucking at her sleeve,0,3,googlesr,crdnn-rnnlm
20,set_20_6829-68769-0018.wav,miss de graf said kenneth noticing the boy is face critically as he stood where the light from the passage fell upon it,miss de graf said kenneth noticing the boys face critically as he stood where the light from the passage fell upon it,set kenneth noticing the boys face critically as he stood where the light from the passage fell upon it,3,0,wav2vec-ft-asr,googlesr
20,set_20_6829-68771-0020.wav,then she gave a little laugh and replied no miss beth i am elizabeth parsons,im elizabeth parsons i am,then she gave a little laugh and replied no miss beth i am parsons,0,3,googlesr,crdnn-rnnlm
20,set_20_6930-76324-0010.wav,what in the world is that queried joyce,where in the world is it query choice,what in the world is it queried joyce,1,2,googlesr,wav2vec-ft-asr
20,set_20_6930-81414-0016.wav,but that is kaffar is knife,but that is kaffirs knife,but that is caspers knife,1,2,wav2vec-ft-asr,googlesr
20,set_20_8555-284447-0013.wav,why you said to fetch the 1st living creature we met and that was this billygoat replied the captain panting hard as he held fast to one of the goat is horns,why are you such a vegetables living creature we met and that was the spelling goat reply to captain panting hard as he held fast to one of the goats horns,why you said to fetch the 1st living creature we met and that was the spilling goat replied the captain panting hard as he held fast to one of the goats horns,0,3,googlesr,crdnn-rnnlm
21,set_21_1089-134686-0016.wav,then you can ask him questions on the catechism dedalus,then you can ask him questions on the catechism deadliest,then you can ask him questions on the catechism daedalus,0,3,googlesr,wav2vec-ft-asr
21,set_21_2094-142345-0028.wav,no no no totty ud get her feet wet said missus poyser carrying away her iron,no no no toddy had get her feet wet said missus poison carrying away her iron,no no no no no no to get her feet wet said missus poyser carrying away her iron,2,1,whisper-base,googlesr
21,set_21_2094-142345-0058.wav,by the by i have never seen your dairy i must see your dairy missus poyser,by the by i have seen your dairy i must see your dairy missus poiser,by the bye i have never seen your dairy you must see your dairy missus poyser,2,1,whisper-base,crdnn-rnnlm
21,set_21_237-126133-0016.wav,0 no jasper i must go by my very own self,0 no japser i must go by my very own self,i must go by my very own self,3,0,wav2vec-ft-asr,googlesr
21,set_21_237-134493-0000.wav,it is 16 years since john bergson died,it is 16 years since john burgson died,it is 16 years since john burkes mother died,3,0,wav2vec-ft-asr,crdnn-rnnlm
21,set_21_237-134500-0021.wav,0 ever so much only he seems kind of staid and school teachery,0 ever so much only he seems kind of stayat and school teachery,0 other so much only he seems kind of stayed in school teacher,2,1,wav2vec-ft-asr,googlesr
21,set_21_3729-6852-0043.wav,i reside in the marais rue de douze portes,i reside in the mara grue de dusport,i reside in the maverick groudon sport,1,2,wav2vec-ft-asr,googlesr
21,set_21_4970-29093-0020.wav,why it is in missouri somewhere on the frontier i think we will get a map,why it is missouri somewhere on the frontier i think well get a map,why it is miseries somewhere on the frontier i think well get a map,3,0,wav2vec-ft-asr,crdnn-rnnlm
21,set_21_4992-41806-0017.wav,we shut our eyes the flowers bloom on we murmur but the corn ears fill we choose the shadow but the sun that casts it shines behind us still,we shut our eyes the flowers bloom on we murmur but the corn ears fill we choose the shadow but the sun that cast it shines behind us still,we shut our eyes the flowers bloom on remember but the corners phil we choose the shadow but the sun that casted shines behind us still,2,1,wav2vec-ft-asr,googlesr
21,set_21_5142-36377-0011.wav,mister jago is an american philip,is diego is an american phil,mister yago is an american philip,0,3,googlesr,wav2vec-ft-asr
21,set_21_5639-40744-0006.wav,rodolfo arrived at his own house without any impediment and leocadia is parents reached theirs heart broken and despairing,rodolfo arrived at his own house without any impediment elliotts parents reach theirs heartbroken and despairing,rudolpho arrived at his own house without any impediment and leucadias parents reached theirs heart broken and despairing,2,1,googlesr,crdnn-rnnlm
21,set_21_5683-32866-0024.wav,i sha not trouble you about my train of thoughts or fancies but i began to feel very like a gentleman in a ghost story watching experimentally in a haunted chamber,i shent trouble you about my train of thoughts or fancies but i began to feel very like a gentleman in a ghost story watching experimentally in a haunted chamber,but i began to feel very like a gentleman and a ghost story watching experimentally in a haunted chamber,3,0,whisper-base,googlesr
21,set_21_61-70968-0052.wav,but who is this fellow plucking at your sleeve,but who is this fellow plucking at your steve,but who is this fellow plucking interest steve,3,0,whisper-base,googlesr
21,set_21_61-70968-0059.wav,it will be no disappointment to me,itll be no disappointment to me,itll be no disappointment disappointment to me,3,0,whisper-base,crdnn-rnnlm
21,set_21_7021-79740-0004.wav,you have come andella andella was the name of jane is doll to make rosalie a visit,you have come andela and dela was the name of jane stahl to make rosalie a visit,you have come and della and bella was the name of janes doll to make rosalie a visit,2,1,whisper-base,googlesr
21,set_21_7176-92135-0035.wav,then lord tuppeny well what about auction,then lord tuppanny well what about auction,what about auction,3,0,wav2vec-ft-asr,googlesr
21,set_21_8463-294828-0005.wav,conseil was my manservant,call say wheres my manservant,cosette was my mans servant,0,3,googlesr,crdnn-rnnlm
21,set_21_8463-294828-0034.wav,we will be quite comfortable here i told conseil,will be quite comfortable here i told conseil,will be quite comfortable here i told him say,3,0,wav2vec-ft-asr,googlesr
21,set_21_908-157963-0015.wav,0 little cloud the virgin said i charge thee to tell me why thou complainest now when in one hour thou fade away then we shall seek thee but not find ah thel is like to thee,a little cloud the virgin said i charge thee to tell me why thou complaint is now when in one hour that way then we shall seek thee but not find a fell is like to be,a little cloud the virgin said i charge you to tell me why thou complainest now when in one hour theyll fade away then we shall seek thee but not find ah belle is like to thee,1,2,googlesr,crdnn-rnnlm
21,set_21_908-31957-0022.wav,then i long tried by natural ills received the comfort fast while budding at thy sight my pilgrim is staff gave out green leaves with morning dews impearled,my pilgrims staff gave out green leaves with morning dues in pearls,then i long tried by natural ills received the comfort fast while budding at thy sight my pilgrims staff gave out green leaves with mourning dews imperiled,0,3,googlesr,crdnn-rnnlm
22,set_22_1995-1826-0023.wav,goobers do not grow on the tops of vines but underground on the roots like yams is that so,goobies do not on the tops of vines but on the ground on the roots like yams is that so,jewels do not on the tops of vases but on the ground on the roots like yams isnt that so,3,0,whisper-base,crdnn-rnnlm
22,set_22_2094-142345-0019.wav,comb the wool for the whittaws indeed,comb the wool for the whitaws indeed,come the wool for the widows indeed,3,0,wav2vec-ft-asr,googlesr
22,set_22_2094-142345-0028.wav,no no no totty ud get her feet wet said missus poyser carrying away her iron,no no no no no no to get her feet wet said missus poyser carrying away her iron,no no no totty would get her feet wet said missus poyser carrying away her iron,0,3,googlesr,crdnn-rnnlm
22,set_22_237-126133-0016.wav,0 no jasper i must go by my very own self,0 no japser i must go by my very own self,i must go by my very own self,3,0,wav2vec-ft-asr,googlesr
22,set_22_237-134500-0021.wav,0 ever so much only he seems kind of staid and school teachery,0 ever so much only he seems kind of stayat and school teachery,0 other so much only he seems kind of stayed in school teacher,2,1,wav2vec-ft-asr,googlesr
22,set_22_2961-960-0012.wav,many if not all the elements of the pre socratic philosophy are included in the timaeus,many if not all the elements of the presocratic philosophy are included in the timeas,mini its not all the elements of the prescribed philosophy are included in the timmy is,2,1,whisper-base,googlesr
22,set_22_2961-960-0016.wav,but plato has not the same mastery over his instrument which he exhibits in the phaedrus or symposium,put playdoh has not the same mastery over his instrument which he exhibits in the features or symposium,but plato has not the same mystery over his instrument which he exhibits either phedres or symposium,0,3,googlesr,wav2vec-ft-asr
22,set_22_3575-170457-0009.wav,january and february of 1837 had passed away and still there was no reply from southey,january and february of 1837 had passed away and still there was no reply from the cell,january in february of 1837 had passed away and still there was no reply from the southie,1,2,whisper-base,wav2vec-ft-asr
22,set_22_4446-2271-0013.wav,do you know i thought the dance a bit conscious to night for the 1st time,you know i thought the dance ha be conscience to night for the 1st time,for the 1st time,3,0,wav2vec-ft-asr,googlesr
22,set_22_61-70968-0034.wav,a montfichet a montfichet gamewell to the rescue,a montvier a montvier game will to the rescue,gamewell to the rescue,3,0,whisper-base,googlesr
22,set_22_61-70970-0001.wav,there befell an anxious interview mistress fitzooth arguing for and against the squire is project in a breath,therebefell an anxious interview mistress fitzooth arguing for and against the squires project in a breath,will there be felon anxious interview mistress fit suits arguing for and against the squires project in the breath,3,0,wav2vec-ft-asr,googlesr
22,set_22_672-122797-0039.wav,i will not tremble to morrow thought the fir tree,i will not tomorrow,i will not to morrow thought the fir tree,0,3,googlesr,crdnn-rnnlm
22,set_22_6930-81414-0012.wav,said another voice which i recognized as voltaire is kaffar,said another voice which i recognized as voltaires kaffir,set another voice which i recognized as vultures kaffir,3,0,wav2vec-ft-asr,googlesr
22,set_22_7127-75947-0023.wav,it is too difficult replied mademoiselle de tonnay charente laughing loudly,it is too difficult replied mademoiselle dittani shahan laughing loudly,it is too difficult replied mademoiselle de tanichalrente laughing loudly,1,2,whisper-base,wav2vec-ft-asr
22,set_22_7176-92135-0015.wav,and so on till you get to the end when ophelia might say ah yes or something non committal of that sort,and so on until you get to the end when ophelia might say yes or something noncommittal of that sort,and so on till you get to the end when i really might say ah yes or something non committal of that sort,3,0,googlesr,crdnn-rnnlm
22,set_22_8455-210777-0035.wav,that is all quite true mister neverbend said sir ferdinando brown,that is all quite true mister neverven said sir ferdinand obrown,that is all quite true mister never been said surf ferdinando brown,0,3,whisper-base,googlesr
22,set_22_8555-284447-0009.wav,mornin girls hope ye feel as well as ye look,morning girls hope you feel as well as you look,mourning girls are people as well as ye look,3,0,googlesr,crdnn-rnnlm
22,set_22_8555-284447-0023.wav,i could not shiver much bein bound so tight but when i am loose i mean to have jus one good shiver to relieve my feelin is,but could not loose i mean to have just one good i am relieve my feelings,i could not much being bound so tight but when i i am mean to have just one good shiver to relieve my feelings,0,3,googlesr,crdnn-rnnlm
22,set_22_908-157963-0015.wav,0 little cloud the virgin said i charge thee to tell me why thou complainest now when in one hour thou fade away then we shall seek thee but not find ah thel is like to thee,a little cloud the virgin said i charge thee to tell me why thou complaint is now when in one hour that way then we shall seek thee but not find a fell is like to be,a little cloud the virgin said i charge you to tell me why thou complainest now when in one hour theyll fade away then we shall seek thee but not find ah belle is like to thee,0,3,googlesr,crdnn-rnnlm
22,set_22_908-31957-0022.wav,then i long tried by natural ills received the comfort fast while budding at thy sight my pilgrim is staff gave out green leaves with morning dews impearled,then i long tried by natural eels received the comfort fast while budding at thy sight my pilgrims staff gave out green leaves with morning dues imperiled,my pilgrims staff gave out green leaves with morning dues in pearls,3,0,whisper-base,googlesr
23,set_23_1284-1180-0015.wav,we are traveling replied ojo and we stopped at your house just to rest and refresh ourselves,we are traveling replied ojo and we stop at your house just to rest and refresh ourselves,we are reply to joe and we stopped at your house just to rest and refresh ourselves,2,1,whisper-base,googlesr
23,set_23_1995-1826-0006.wav,been looking up tooms county,been looking up to hums county,been looking up toombs county,1,2,whisper-base,googlesr
23,set_23_1995-1836-0007.wav,but you believe in some education asked mary taylor,do believe in some education ask mary taylor,do you believe in some education asked mary taylor,0,3,whisper-base,wav2vec-ft-asr
23,set_23_237-126133-0008.wav,asked phronsie with her little face close to polly is own,asked phronsie with her little face close to pollys own,ask frenzy with her little face close to pollys on,3,0,wav2vec-ft-asr,googlesr
23,set_23_237-134493-0000.wav,it is 16 years since john bergson died,it is 16 years since john birx and died,it is 16 years since john burgson died,0,3,whisper-base,wav2vec-ft-asr
23,set_23_237-134500-0011.wav,are not you splashed look at the spider webs all over the grass,are not splashed look at the spider webs all over the grass,are not look at the spider webs all over the grass,3,0,googlesr,crdnn-rnnlm
23,set_23_237-134500-0014.wav,and emil mowed his way slowly down toward the cherry trees,add email mode his way slowly down toward the cherry trees,and amiel mowed his way slowly down towards the cherry trees,0,3,googlesr,crdnn-rnnlm
23,set_23_3575-170457-0009.wav,january and february of 1837 had passed away and still there was no reply from southey,january in february of 1837 had passed away and still there was no reply from the southie,january and february of 1837 had passed away and still there was no reply from saudi,1,2,wav2vec-ft-asr,googlesr
23,set_23_4077-13751-0002.wav,instead of but 6 regularly affiliated members and at most 2 score of adherents the organization numbers today many 100000 souls,instead of but 6 regularly affiliated members and at most 2 square of adherents the organization numbers today many 100000 souls,instead of at 6 regarding affiliated members and at most 2 score of adherence the organization numbers today many 100000 souls,1,2,whisper-base,googlesr
23,set_23_4446-2275-0044.wav,do not cry do not cry he whispered,do not dont do not whispered,do not cry do not he whisper,1,2,whisper-base,googlesr
23,set_23_5142-33396-0003.wav,the rest of you off a viking he had 3 ships,the rest of you off of viking he had 3 ships,the rest of you awful viking he had 3 ships,0,3,googlesr,crdnn-rnnlm
23,set_23_5142-33396-0007.wav,at the prow i carved the head with open mouth and forked tongue thrust out,hit the prow i carved the head with open mouth and forked tongue thrust out,at the prowl i call off the head with open mouth and forked tongue thrust out,0,3,whisper-base,googlesr
23,set_23_5683-32866-0013.wav,there was a bright moonlight broken by the shadows of overhanging boughs and withered leaves and the mottled lights and shadows glided oddly across his pale features,withered leaves and the modeled lights and shadows glided oddly across his pale features,there was a bright moonlight broken by the shadows of overhanging boughs and withered leaves and the motdled lights and shadows glided oddly across his pale features,1,2,googlesr,wav2vec-ft-asr
23,set_23_61-70968-0014.wav,what is the tumult and rioting cried out the squire authoritatively and he blew twice on a silver whistle which hung at his belt,what is the tumult and rioting cryed out the squire theoretically and he blew twice on the silver whistle which hung at his belt,what is the tunnelton rioting cried out the squire authoritatively and he blew twice on the silver whistle which hung it is belt,0,3,whisper-base,googlesr
23,set_23_6829-68769-0017.wav,worse tom worse n ever replied the jailer gloomily,worst tom worceneer replied that jailer collumely,worse tom worse an error replied the jailer gloomily,0,3,whisper-base,crdnn-rnnlm
23,set_23_6930-81414-0019.wav,voltaire picked up something from the ground and looked at it,wont you pick up something from the ground and look at it,old chair picked up something from the ground and looked at it,1,2,whisper-base,crdnn-rnnlm
23,set_23_8463-294825-0013.wav,for many then this book has been a source of fascination surely one of the most influential novels ever written an inspiration for such scientists and discoverers as engineer simon lake oceanographer william beebe polar traveler sir ernest shackleton,for many then this book has been a source of fascination surely one of the most influential novels ever written an inspiration for such scientists and discoverers as engineer simon lake oceanographer william bb polar travelers or ernest shackleton,has been a source of fascination surely one of the most influential novels ever written and inspiration for such scientists and discoverers as engineers simon lake oceanographer william bb polar traveler are ernest shackleton,1,2,whisper-base,googlesr
23,set_23_8555-284447-0002.wav,i would not mind a cup 0 coffee myself said cap n bill i have had consid ble exercise this mornin and i am all ready for breakfas,i would not the cup of coffee myself say campbell ive had considerable i have morning and im already for breakfast i am,i would not a cup of coffee myself ive had considerable exercise this i have im already for breakfast i am,1,2,whisper-base,googlesr
23,set_23_8555-284447-0003.wav,but cap n bill made no such attempt knowing it would be useless,put cotton belt made no such attempt knowing it would be useless,but capn bill made no such attempt knowing it would be useless,0,3,googlesr,wav2vec-ft-asr
23,set_23_8555-284447-0013.wav,why you said to fetch the 1st living creature we met and that was this billygoat replied the captain panting hard as he held fast to one of the goat is horns,why you sit to fetch the 1st living creature we met and that was the spilly goat replied the captain panting hard as he held fast to one of the goats horns,why are you such a vegetables living creature we met and that was the spelling goat reply to captain panting hard as he held fast to one of the goats horns,3,0,wav2vec-ft-asr,googlesr
24,set_24_121-127105-0021.wav,will not you tell douglas,will not tell douglas,will not tell doug,3,0,wav2vec-ft-asr,googlesr
24,set_24_2094-142345-0034.wav,and there is linen in the house as i could well spare you for i have got lots 0 sheeting and table clothing and toweling as is not made up,and theres linen in the house as i could well spare you for i i have of sheeding and tableclothing and towling as isnt made up is not,i got lots of sheeting and table clothing and toweling isnt made up i have is not,3,0,whisper-base,googlesr
24,set_24_237-134500-0011.wav,are not you splashed look at the spider webs all over the grass,are not splashed look at the spider webs all over the grass,are not look at the spider webs all over the grass,3,0,wav2vec-ft-asr,crdnn-rnnlm
24,set_24_4446-2271-0010.wav,he is another who is awfully keen about her let me introduce you,he is whos awfully keen about her let me introduce you,he is introduce you,3,0,whisper-base,googlesr
24,set_24_4446-2271-0018.wav,she considered a moment and then said no i think not though i am glad you ask me,she considered for a moment and then said no i think not i am am glad you ask me,she considered for a moment and then said no i think not i am im glad you asked me,2,1,wav2vec-ft-asr,googlesr
24,set_24_5142-33396-0003.wav,the rest of you off a viking he had 3 ships,the rest of you off of viking he had 3 ships,the rest of you awful viking he had 3 ships,2,1,googlesr,crdnn-rnnlm
24,set_24_5142-36377-0000.wav,it was one of the masterly and charming stories of dumas the elder,charming stories of jamal the elder,it was one of the masterly and charming stories of demon the elder,0,3,googlesr,crdnn-rnnlm
24,set_24_5683-32865-0016.wav,0 i know that is lorne brandon,0 i know thats lauren brandon,0 i know thats lorn brandon,1,2,googlesr,crdnn-rnnlm
24,set_24_5683-32866-0008.wav,bracton is a very good fellow i can assure you,proctins a very good fellow i can assure you,brockton is a very good fellow i can assure you,2,1,whisper-base,googlesr
24,set_24_61-70968-0034.wav,a montfichet a montfichet gamewell to the rescue,a montvier a montvier game will to the rescue,a montfichet a montfichet game well to the rescue,0,3,whisper-base,wav2vec-ft-asr
24,set_24_61-70970-0026.wav,fitzooth is hand rested at last upon the top rung of a ladder and slowly the truth came to him,fitzooths hand rested at last upon the top rung of a ladder and slowly the truth came to him,5010 arrested at last upon the top rung of a ladder and slowly the truth came to him,3,0,wav2vec-ft-asr,googlesr
24,set_24_6829-68769-0017.wav,worse tom worse n ever replied the jailer gloomily,where is tom wheres the nearest replied that taylor coleman,worse tom worse an error replied the jailer gloomily,2,1,googlesr,crdnn-rnnlm
24,set_24_6930-76324-0025.wav,why it is goliath as usual they both cried peering in,why it is as usual they both cried peering,why it is as usual they both cried peering in,0,3,googlesr,wav2vec-ft-asr
24,set_24_6930-81414-0016.wav,but that is kaffar is knife,but that is caspers knife,but that is kaffirs knife,0,3,googlesr,wav2vec-ft-asr
24,set_24_7127-75947-0023.wav,it is too difficult replied mademoiselle de tonnay charente laughing loudly,it is too difficult replied mademoiselle on laughing loudly,it is too difficult replied mademoiselle dartagnan and laughing loudly,2,1,googlesr,crdnn-rnnlm
24,set_24_7176-92135-0020.wav,9923 elsinore 99 yes hallo is that you horatio hamlet speaking,double 923 elzenor double not yes hello is that you horatio handless speaking,99 to 3 elzinor double not yes hello is that you horatio hamlet speaking,1,2,whisper-base,wav2vec-ft-asr
24,set_24_8463-294825-0017.wav,liter roughly one quart,leader roughly on court,leader roughly one quart,0,3,wav2vec-ft-asr,googlesr
24,set_24_8463-294828-0005.wav,conseil was my manservant,call say wheres my manservant,cosseil was my man servant,1,2,googlesr,wav2vec-ft-asr
24,set_24_8463-294828-0019.wav,anyhow we will leave instructions to ship the whole menagerie to france,anyhow well leave instructions to ship the home in asgery to france,anyhow well leave instructions to ship the whole menagerie to france,0,3,whisper-base,googlesr
24,set_24_908-157963-0022.wav,come forth worm and the silent valley to thy pensive queen,come forth warm and the silent valley to the ipensive queen,come forthworm in the silent valley to thy pensive queen,0,3,whisper-base,crdnn-rnnlm
25,set_25_1995-1826-0007.wav,find some cresswells there big plantations rated at 250000,find some crus wells there big plantations rated at 250000,find some creswells their big plantations rated at 2 5 0 0 0 0,2,1,wav2vec-ft-asr,googlesr
25,set_25_260-123286-0007.wav,he called this sea a pond and our long voyage taking a little sail,he called this capon and i longed voyage taking a little sail,he called this sea upon and our long voyage taking a little sail,1,2,whisper-base,wav2vec-ft-asr
25,set_25_2961-960-0012.wav,many if not all the elements of the pre socratic philosophy are included in the timaeus,many if not all the elements of the prescribed philosophy are included in the timmy is,many if not all the elements of the priestocratic philosophy are included in the timaeus,0,3,googlesr,crdnn-rnnlm
25,set_25_2961-961-0003.wav,i will if timaeus approves i approve,i will give to me is approves i approve,i will if to me as approves i approve,1,2,googlesr,crdnn-rnnlm
25,set_25_2961-961-0014.wav,9000 years have elapsed since she founded yours and 8000 since she founded ours as our annals record,9000 years have elapsed since she founded yours and 8000 since she foundet ours as ore annalds record,9000 years have you laughed since she founded yours and 8000 since she founded ours as our annals record,2,1,wav2vec-ft-asr,googlesr
25,set_25_4446-2275-0044.wav,do not cry do not cry he whispered,do not dont do not whispered,do not cry do not he whisper,0,3,wav2vec-ft-asr,googlesr
25,set_25_4970-29093-0020.wav,why it is in missouri somewhere on the frontier i think we will get a map,why it is missouri somewhere on the frontier i think well get a map,brighton it is on the frontier i think well get a map,3,0,wav2vec-ft-asr,googlesr
25,set_25_4992-41797-0018.wav,there in the cedar hollow then lived olive lord an angry resentful little creature weighed down by a fierce sense of injury,there in the cedar hollo then lived olive lord an angry resentful little creature weighed down by a fierce sense of injury,there in the cedar hollow then lived all of lord and angry resentful little creature way down by a fierce sense of injury,3,0,wav2vec-ft-asr,googlesr
25,set_25_5142-36377-0000.wav,it was one of the masterly and charming stories of dumas the elder,it was one of the masterly and charming stories of demaus the elder,charming stories of jamal the elder,2,1,wav2vec-ft-asr,googlesr
25,set_25_61-70970-0011.wav,as any in england i would say said gamewell proudly that is in his day,as any an england i would say said kim well proudly that is in his day,as any in england i would say that came well proudly that is in his day,1,2,whisper-base,googlesr
25,set_25_672-122797-0039.wav,i will not tremble to morrow thought the fir tree,i will not tomorrow thought the fir tree,i will not tomorrow,3,0,whisper-base,googlesr
25,set_25_6930-81414-0019.wav,voltaire picked up something from the ground and looked at it,wont you pick up something from the ground and look at it,wolechair picked up something from the ground and looked at it,1,2,whisper-base,wav2vec-ft-asr
25,set_25_7127-75947-0027.wav,to say nothing said montalais so that when mademoiselle de tonnay charente thinks athenais is the only one who knows it,to say nothing said montele so that when madmousel de tonechearaunt thinks athenae is the only one who knows it,is the only one who knows it,3,0,whisper-base,googlesr
25,set_25_7176-92135-0035.wav,then lord tuppeny well what about auction,then lurid tupini well what about auction,then lord tuppanny well what about auction,0,3,whisper-base,wav2vec-ft-asr
25,set_25_7176-92135-0041.wav,re enter butler and 3 footmen who remove the tea things hostess to guest,reinter butler and 3 footmen who removed the tea things hostess 2 guests,reenter butler and 3 ft men who removed the tea things hostess to,2,1,wav2vec-ft-asr,googlesr
25,set_25_8555-284447-0002.wav,i would not mind a cup 0 coffee myself said cap n bill i have had consid ble exercise this mornin and i am all ready for breakfas,i would not a cup of coffee myself ive had considerable exercise this i have im already for breakfast i am,i would not a cup of coffee myself said capn bill ive had i have this mornin and im all ready for i am,1,2,googlesr,crdnn-rnnlm
25,set_25_8555-284447-0009.wav,mornin girls hope ye feel as well as ye look,morning girls hope you feel as well as you look,mourning girls are people as well as ye look,3,0,googlesr,crdnn-rnnlm
25,set_25_8555-284447-0013.wav,why you said to fetch the 1st living creature we met and that was this billygoat replied the captain panting hard as he held fast to one of the goat is horns,why you said to fetch the 1st living creature we met and that was the spilligote reply the captain panting hard as he held 1st to one of the goats horns,why are you such a vegetables living creature we met and that was the spelling goat reply to captain panting hard as he held fast to one of the goats horns,3,0,whisper-base,googlesr
25,set_25_8555-284449-0015.wav,i will not be wicked any more sighed the old boolooroo i will reform,how will not be wicked anymore by the old bluray how re,ill will not wicked any more sighed the old boolooroo ill reform,1,2,googlesr,crdnn-rnnlm
25,set_25_908-157963-0030.wav,why an ear a whirlpool fierce to draw creations in,hawaiian ear a whirlpool fierce to draw creations in,why an here a whirlpool fierce to draw creations in,0,3,googlesr,crdnn-rnnlm
26,set_26_1188-133604-0040.wav,the crampness and the poverty are all intended,the krampus and the poverty are all intended,the crampness in the poverty are all intended,2,1,googlesr,wav2vec-ft-asr
26,set_26_2094-142345-0024.wav,munny my iron is twite told pease put it down to warm,money my irons dried told please put it down to warm,money mirons twite told beese put it down to worm,1,2,whisper-base,wav2vec-ft-asr
26,set_26_2094-142345-0058.wav,by the by i have never seen your dairy i must see your dairy missus poyser,byebye ive never i have diary am i see your dairy missus poyser,by the bye i have never seen your dairy you must see your dairy missus poyser,1,2,googlesr,crdnn-rnnlm
26,set_26_237-126133-0017.wav,there jap you have caught it laughed percy while the others screamed at the sight of jasper is face,bear jab you have it last percy while the others screamed at the side of jaspers face,there jap you have it laughed percy while the others screamed at the sight of jaspers face,0,3,googlesr,crdnn-rnnlm
26,set_26_237-134493-0000.wav,it is 16 years since john bergson died,it is 16 years since john burgson died,it is 16 years since john berks and died,3,0,wav2vec-ft-asr,googlesr
26,set_26_237-134500-0013.wav,marie picked cherries and sang softly to herself stripping one glittering branch after another shivering when she caught a shower of raindrops on her neck and hair,marie picked cherries and sang softly to herself stripping one glittering branch after another shivering when she got a shower of raindrops on her neck and hair,murray pick jerrys and saying softly to herself stripping one glittering ranch after another shivering when she caught a shower of raindrops on her neck and hair,2,1,wav2vec-ft-asr,googlesr
26,set_26_237-134500-0014.wav,and emil mowed his way slowly down toward the cherry trees,and emil mode his way slowly down toward the gerry trees,and amiel mowed his way slowly down toward the cherry trees,0,3,whisper-base,wav2vec-ft-asr
26,set_26_260-123286-0007.wav,he called this sea a pond and our long voyage taking a little sail,he called this capon and i longed voyage taking a little sail,he called this sea a pond and a long voyage taking a little sail,0,3,whisper-base,crdnn-rnnlm
26,set_26_260-123288-0010.wav,on the mast already i see the light play of a lambent saint elmo is fire the outstretched sail catches not a breath of wind and hangs like a sheet of lead,on the mast already i see the light play of alowment saint ebolls fire the outstretched sail catches not a breath of wind and hangs like a sheet of lead,on the masked already i see the light play of a laminate saint elmos fire the outstretched cell catches not a breath of wind and hangs like a sheet of lead,1,2,wav2vec-ft-asr,googlesr
26,set_26_2830-3980-0022.wav,the clause seems superfluous on 1st sight,the claw seems supervervalous on 1st sight,the class seems superfluous on 1st sight,0,3,whisper-base,googlesr
26,set_26_2961-961-0014.wav,9000 years have elapsed since she founded yours and 8000 since she founded ours as our annals record,9000 years have you laughed since she founded yours and 8000 since she founded ours as our annals record,9000 years have elapsed since she found it yours and 8000 since she found it ours as our annals record,1,2,googlesr,crdnn-rnnlm
26,set_26_3729-6852-0043.wav,i reside in the marais rue de douze portes,i reside in the marrae grouda du sport,i reside in the marais rue de dusport,0,3,whisper-base,crdnn-rnnlm
26,set_26_4446-2271-0010.wav,he is another who is awfully keen about her let me introduce you,he is whos awfully keen about her let me introduce you,he is introduce you,3,0,whisper-base,googlesr
26,set_26_5142-33396-0018.wav,my dragon is belly is never full and on board went the gold,my dragons belly is never full and on board went the gold,my dragons belly is never full and im bored with the gold,2,1,wav2vec-ft-asr,googlesr
26,set_26_61-70968-0014.wav,what is the tumult and rioting cried out the squire authoritatively and he blew twice on a silver whistle which hung at his belt,what is the tumult and rioting cryed out the squire theoretically and he blew twice on the silver whistle which hung at his belt,what is the tunnelton rioting cried out the squire authoritatively and he blew twice on the silver whistle which hung it is belt,0,3,whisper-base,googlesr
26,set_26_672-122797-0039.wav,i will not tremble to morrow thought the fir tree,i will not to morrow thought the fir tree,i will not tomorrow,2,1,wav2vec-ft-asr,googlesr
26,set_26_6829-68771-0021.wav,but it can not be protested the girl,but it cant be protested the girl,but it cant be protested the,3,0,wav2vec-ft-asr,googlesr
26,set_26_7176-92135-0034.wav,the duchess of southbridge to lord reggie 0 reggie what did you say,the dodgers of southbridge to lord reggie reggie what did you say,the duchess of south bridge too lord reggie 0 reddy what did you say,0,3,googlesr,crdnn-rnnlm
26,set_26_7176-92135-0041.wav,re enter butler and 3 footmen who remove the tea things hostess to guest,reinterbottler and 3 footmen who removed the tthings hostess to guest,reinter butler and 3 footmen who removed the tea things hostess 2 guests,1,2,whisper-base,wav2vec-ft-asr
26,set_26_8555-284449-0006.wav,do not worry sizzle dear it will all come right pretty soon,do not cisil dear it all come right pretty soon,do not sizzle dear itll all come right pretty soon,1,2,wav2vec-ft-asr,crdnn-rnnlm
27,set_27_1995-1826-0007.wav,find some cresswells there big plantations rated at 250000,find some crus wells there big plantations rated at 250000,find some creswells their big plantations rated at 2 5 0 0 0 0,0,3,wav2vec-ft-asr,googlesr
27,set_27_1995-1837-0000.wav,he knew the silver fleece his and zora is must be ruined,he knew the silver fleece his enzorahs must be ruined,must be ruined,2,1,wav2vec-ft-asr,googlesr
27,set_27_2094-142345-0024.wav,munny my iron is twite told pease put it down to warm,money my irons dried told please put it down to warm,money mirons twite told beese put it down to worm,2,1,whisper-base,wav2vec-ft-asr
27,set_27_237-126133-0000.wav,here she would stay comforted and soothed among the lovely plants and rich exotics rejoicing the heart of old turner the gardener who since polly is 1st rapturous entrance had taken her into his good graces for all time,here she would stay comforted and soothe among the lovely plants and rich exotics rejoicing the heart of old turner the gardener who since paulies 1st rapturous entrance had taken her into his good graces for all time,among the lovely plants and rich exotics rejoicing the heart of old turner the gardener who sings pollys 1st rapturous entrance had taken her into his good graces for all time,2,1,whisper-base,googlesr
27,set_27_237-134493-0010.wav,i never see lou is scythe over here,i never see loose side over here,i never see los scythe over here,3,0,whisper-base,wav2vec-ft-asr
27,set_27_260-123286-0007.wav,he called this sea a pond and our long voyage taking a little sail,he called this capon and i longed voyage taking a little sail,he called this sea upon and our long voyage taking a little sail,2,1,whisper-base,wav2vec-ft-asr
27,set_27_2961-960-0012.wav,many if not all the elements of the pre socratic philosophy are included in the timaeus,many if not all the elements of the prescribed philosophy are included in the timmy is,many if not all the elements of the presocratic philosophy are included in the timeus,1,2,googlesr,wav2vec-ft-asr
27,set_27_2961-961-0009.wav,tell us said the other the whole story and where solon heard the story,tell us that the other the whole story and where is soul and her the story,tell us said the other the whole story and where saw and heard the story,1,2,googlesr,crdnn-rnnlm
27,set_27_3729-6852-0016.wav,madame quinson besides can answer your enquiries,madame quencent besides can answer your inquiries,madame quinn song besides can answer your inquiries,1,2,whisper-base,googlesr
27,set_27_4446-2271-0008.wav,irene burgoyne one of her family told me in confidence that there was a romance somewhere back in the beginning,iren bergoin one of her family told me in confidence that there was a romance somewhere back in the beginning,somewhere back in the beginning,0,3,wav2vec-ft-asr,googlesr
27,set_27_4446-2271-0018.wav,she considered a moment and then said no i think not though i am glad you ask me,she considered for a moment and then said no i think not i am im glad you asked me,she considered for a moment and then said no i think not i am am glad you ask me,2,1,whisper-base,wav2vec-ft-asr
27,set_27_5142-33396-0018.wav,my dragon is belly is never full and on board went the gold,my dragons belly is never full and on board went the gold,my dragons belly is never full and im bored with the gold,0,3,whisper-base,googlesr
27,set_27_5142-33396-0052.wav,here is a ring for sif the friendly and here is a bracelet a sword would not be ashamed to hang at your side,heres a ring for schizophrenia and here is a bracelet and a sword would not would not to hang at your side,here is a ring for sift the friendly and here is a bracelet and a would not not be ashamed to hang at your side,2,1,googlesr,crdnn-rnnlm
27,set_27_5142-36377-0011.wav,mister jago is an american philip,mister yago is an american philip,this diogo is an american philip,3,0,wav2vec-ft-asr,crdnn-rnnlm
27,set_27_6829-68769-0017.wav,worse tom worse n ever replied the jailer gloomily,worst tom worceneer replied that jailer collumely,where is tom wheres the nearest replied that taylor coleman,0,3,whisper-base,googlesr
27,set_27_6829-68769-0018.wav,miss de graf said kenneth noticing the boy is face critically as he stood where the light from the passage fell upon it,set kenneth noticing the boys face critically as he stood where the light from the passage fell upon it,mister graf said kenneth noticing the boys face critically as he stood where the light from the passage fell upon it,1,2,googlesr,crdnn-rnnlm
27,set_27_6930-81414-0016.wav,but that is kaffar is knife,but that is kaffirs knife,but that is caspers knife,0,3,wav2vec-ft-asr,googlesr
27,set_27_7127-75947-0023.wav,it is too difficult replied mademoiselle de tonnay charente laughing loudly,it is too difficult replied mademoiselle dittani shahan laughing loudly,it is too difficult replied mademoiselle de tanichalrente laughing loudly,1,2,whisper-base,wav2vec-ft-asr
27,set_27_8555-284449-0006.wav,do not worry sizzle dear it will all come right pretty soon,do not cisil dear it all come right pretty soon,do not sizzle dear itll all come right pretty soon,0,3,wav2vec-ft-asr,crdnn-rnnlm
27,set_27_8555-284449-0013.wav,scuse me said trot i neglected to tell you that you are not the boolooroo any more,excuse me said trot i neglected to tell you that you are not boolooroo any more,i neglected to tell you that youre not the boolaroo you are not,2,1,wav2vec-ft-asr,googlesr
28,set_28_1995-1836-0008.wav,i believe in the training of people to their highest capacity the englishman here heartily seconded him,i believe in the training of people to their has capacity the englishmen here heartily suconded him,i believe in the training of people to the highest capacity the englishman hear heartily seconded him,1,2,wav2vec-ft-asr,googlesr
28,set_28_260-123286-0014.wav,truly this sea is of infinite width,truly this c is of infinite width,truly the sea is of infinite width,0,3,whisper-base,wav2vec-ft-asr
28,set_28_2961-961-0014.wav,9000 years have elapsed since she founded yours and 8000 since she founded ours as our annals record,9000 years have elapsed since she founded yours and 8000 since she foundet ours as ore annalds record,9000 years have you laughed since she founded yours and 8000 since she founded ours as our annals record,2,1,wav2vec-ft-asr,googlesr
28,set_28_3575-170457-0009.wav,january and february of 1837 had passed away and still there was no reply from southey,january and february of 1837 had passed away and still there was no reply from saudi,january in february of 1837 had passed away and still there was no reply from the southie,3,0,googlesr,wav2vec-ft-asr
28,set_28_4446-2271-0018.wav,she considered a moment and then said no i think not though i am glad you ask me,she considered for a moment and then said no i think not i am im glad you asked me,she considered for a moment and then said no i think not i am am glad you ask me,3,0,whisper-base,wav2vec-ft-asr
28,set_28_4970-29093-0020.wav,why it is in missouri somewhere on the frontier i think we will get a map,why it is missouri somewhere on the frontier i think well get a map,brighton it is on the frontier i think well get a map,1,2,wav2vec-ft-asr,googlesr
28,set_28_4992-41797-0019.wav,olive is mournful black eyes met nancy is sparkling brown ones,olives mournful black eyes met nancys sparkling brown ones,all of his mournful black eyes met nancys sparkling brown ones,2,1,wav2vec-ft-asr,crdnn-rnnlm
28,set_28_5683-32866-0002.wav,but do not these very wise things sometimes turn out very foolishly,sometimes do not very foolishly,but do not very wise things sometimes turn out very foolishly,2,1,googlesr,crdnn-rnnlm
28,set_28_61-70968-0034.wav,a montfichet a montfichet gamewell to the rescue,gamewell to the rescue,a montfiche a montfichet gamewell to the rescue,2,1,googlesr,crdnn-rnnlm
28,set_28_6829-68769-0002.wav,i can not see it in that light said the old lawyer,i cant see it in that light is that the old lawyer,i cant see it in that light said the old lawyer,1,2,whisper-base,crdnn-rnnlm
28,set_28_6829-68771-0020.wav,then she gave a little laugh and replied no miss beth i am elizabeth parsons,then she gave a little laugh and replied no miss beth i am parsons,im elizabeth parsons i am,3,0,whisper-base,googlesr
28,set_28_6930-76324-0025.wav,why it is goliath as usual they both cried peering in,why it is as usual they both cry peering in,why it is as usual they both cried peering,0,3,whisper-base,googlesr
28,set_28_7127-75947-0021.wav,la valliere is quite a poetess said tonnay charente,lavalier is quite a poetess said tone charent,la valliere is quite a poetess said tony charlotte,2,1,wav2vec-ft-asr,crdnn-rnnlm
28,set_28_7127-75947-0026.wav,well said mademoiselle de tonnay charente i also think a good deal but i take care,well said mademoiselle detonation i also think a good deal but i take care,well said mademoiselle dartagnan didnt i also think a good deal but i take care,1,2,googlesr,crdnn-rnnlm
28,set_28_7176-92135-0035.wav,then lord tuppeny well what about auction,then lurid tupini well what about auction,then lord tuppenny well what about auction,1,2,whisper-base,crdnn-rnnlm
28,set_28_7176-92135-0041.wav,re enter butler and 3 footmen who remove the tea things hostess to guest,reinterbottler and 3 footmen who removed the tthings hostess to guest,reenter butler and 3 ft men who removed the tea things hostess to,3,0,whisper-base,googlesr
28,set_28_7729-102255-0031.wav,he continued his pretended search and to give color to his errand made 2 arrests,he continued his pretended surge and to give color to his aaron made 2 arrests,he continued his pretended surge and to give collor to his errand made to arrest,0,3,googlesr,wav2vec-ft-asr
28,set_28_8463-294825-0017.wav,liter roughly one quart,later roughly one quart,leader roughly on court,2,1,whisper-base,wav2vec-ft-asr
28,set_28_8463-294828-0034.wav,we will be quite comfortable here i told conseil,will be quite comfortable here i told him say,well be quite comfortable here i told conseil,2,1,googlesr,crdnn-rnnlm
28,set_28_8555-284449-0015.wav,i will not be wicked any more sighed the old boolooroo i will reform,ill will not wicked anymore side the old booleroo ill reform,not will not any more sighed the old boolooroo ill reform,1,2,whisper-base,wav2vec-ft-asr
29,set_29_1188-133604-0040.wav,the crampness and the poverty are all intended,the crampness in the poverty are all intended,the krampus and the poverty are all intended,3,0,wav2vec-ft-asr,googlesr
29,set_29_1580-141083-0021.wav,there is no opening except the one pane said our learned guide,there is no opening except the one pain said our learned guide,there is no opening except the one pain center learned guide,3,0,wav2vec-ft-asr,googlesr
29,set_29_1995-1826-0006.wav,been looking up tooms county,been looking up to hums county,been looking up tombs county,1,2,whisper-base,crdnn-rnnlm
29,set_29_1995-1826-0007.wav,find some cresswells there big plantations rated at 250000,find some cross wells there big plantations rated at 250000,find some creswells their big plantations rated at 2 5 0 0 0 0,2,1,whisper-base,googlesr
29,set_29_237-126133-0005.wav,0 she is always at the piano said van she must be there now somewhere and then somebody laughed,0 she is at the piano said van she must be there now somewhere and then somebody laughed,she she is there now somewhere and then somebody laugh,2,1,wav2vec-ft-asr,googlesr
29,set_29_2961-961-0003.wav,i will if timaeus approves i approve,i will give to me is approves i approve,i will if to me as approves i approve,0,3,googlesr,crdnn-rnnlm
29,set_29_3729-6852-0027.wav,that is true badauderie,that is true badeltgree,that is true middle degree,1,2,wav2vec-ft-asr,crdnn-rnnlm
29,set_29_4970-29095-0036.wav,has thee consulted thy mother about a career i suppose it is a career thee wants,has dee consulted my mother about a career i suppose it is a career he wants,has thee consulted thy mother about a career i spose it is a career thee wants,2,1,whisper-base,crdnn-rnnlm
29,set_29_4992-41797-0018.wav,there in the cedar hollow then lived olive lord an angry resentful little creature weighed down by a fierce sense of injury,there in the cedar hollo then lived olive lord an angry resentful little creature weighed down by a fierce sense of injury,there in the cedar hollow then lived all of lord and angry resentful little creature way down by a fierce sense of injury,1,2,wav2vec-ft-asr,googlesr
29,set_29_61-70970-0015.wav,will cried he softly and stuteley who had chosen his couch across the door of his young master is chamber sprang up at once in answer,will cried he softly and stutley who had chosen his couch across the door of his young masters chamber sprang up at once in answer,will christy and studly who it shows in his couch across the door of his young masters chamber sprang up at once and answer,3,0,wav2vec-ft-asr,googlesr
29,set_29_6829-68769-0018.wav,miss de graf said kenneth noticing the boy is face critically as he stood where the light from the passage fell upon it,set kenneth noticing the boys face critically as he stood where the light from the passage fell upon it,mister graf said kenneth noticing the boys face critically as he stood where the light from the passage fell upon it,0,3,googlesr,crdnn-rnnlm
29,set_29_7127-75947-0023.wav,it is too difficult replied mademoiselle de tonnay charente laughing loudly,it is too difficult replied mademoiselle on laughing loudly,it is too difficult replied mademoiselle de tanichalrente laughing loudly,1,2,googlesr,wav2vec-ft-asr
29,set_29_7127-75947-0026.wav,well said mademoiselle de tonnay charente i also think a good deal but i take care,well said mademoiselle de tonachallent i also think a good deal but i take care,well said mademoiselle detonation i also think a good deal but i take care,1,2,wav2vec-ft-asr,googlesr
29,set_29_7176-92135-0020.wav,9923 elsinore 99 yes hallo is that you horatio hamlet speaking,99 to 3 elzinor double not yes hello is that you horatio hamlet speaking,double 923 elsinore double knot yes hello is that you horacio handler speaking,2,1,wav2vec-ft-asr,googlesr
29,set_29_7176-92135-0035.wav,then lord tuppeny well what about auction,then lord tuppanny well what about auction,what about auction,3,0,wav2vec-ft-asr,googlesr
29,set_29_7176-92135-0041.wav,re enter butler and 3 footmen who remove the tea things hostess to guest,reinterbottler and 3 footmen who removed the tthings hostess to guest,reenter butler and 3 ft men who removed the tea things hostess to,0,3,whisper-base,googlesr
29,set_29_8463-294825-0013.wav,for many then this book has been a source of fascination surely one of the most influential novels ever written an inspiration for such scientists and discoverers as engineer simon lake oceanographer william beebe polar traveler sir ernest shackleton,has been a source of fascination surely one of the most influential novels ever written and inspiration for such scientists and discoverers as engineers simon lake oceanographer william bb polar traveler are ernest shackleton,for many then this book has been a source of fascination surely one of the most influential novels ever written and inspiration for such scientists and discoverers as engineer simon lake oceanographer william bibi polar travelers or ernest shackleton,0,3,googlesr,crdnn-rnnlm
29,set_29_8555-284447-0003.wav,but cap n bill made no such attempt knowing it would be useless,but capn bill made no such attempt knowing it would be useless,put cotton belt made no such attempt knowing it would be useless,3,0,wav2vec-ft-asr,googlesr
29,set_29_8555-284449-0002.wav,at the head of the pinkies were ghip ghisizzle and button bright who had the parrot on his shoulder and they were supported by captain coralie and captain tintint and rosalie the witch,who had the parrot on his shoulder and they were supported by captain cora lee and captain and rosalie the witch,at the head of the pinkies were ghip ghisizzle and button bright who had the parrot on his shoulder and they were supported by captain corolee and captain tin tent and rosalie the witch,0,3,googlesr,wav2vec-ft-asr
29,set_29_8555-284449-0006.wav,do not worry sizzle dear it will all come right pretty soon,do not sizzle deer itll all come right pretty soon,do not cisil dear it all come right pretty soon,2,1,whisper-base,wav2vec-ft-asr
30,set_30_2094-142345-0024.wav,munny my iron is twite told pease put it down to warm,money mirons twite told beese put it down to worm,funny my irons tight told hes put it down to warm,2,1,wav2vec-ft-asr,crdnn-rnnlm
30,set_30_237-134500-0011.wav,are not you splashed look at the spider webs all over the grass,are not splashed look at the spider webs all over the grass,are not look at the spider webs all over the grass,2,1,wav2vec-ft-asr,crdnn-rnnlm
30,set_30_237-134500-0021.wav,0 ever so much only he seems kind of staid and school teachery,0 ever so much only he seems kind of stayat and school teachery,0 other so much only he seems kind of stayed in school teacher,1,2,wav2vec-ft-asr,googlesr
30,set_30_3729-6852-0027.wav,that is true badauderie,that is true bad dealt gray,that is true badeltgree,2,1,whisper-base,wav2vec-ft-asr
30,set_30_4446-2273-0006.wav,they are all sketches made about the villa d este you see,they are all sketches made about the villa de steucie,they are all sketches made about the villa deste you see,1,2,whisper-base,crdnn-rnnlm
30,set_30_4446-2275-0008.wav,when did you come bartley and how did it happen you have not spoken a word,when to do com partly and how did it happen you have not a word,when did you come bartley and how did it happen you have not a word,1,2,whisper-base,wav2vec-ft-asr
30,set_30_4507-16021-0024.wav,algebra medicine botany have each their slang,algebra medicine botany have eached there slang,algebra medicine botany have each their sl,3,0,wav2vec-ft-asr,googlesr
30,set_30_4992-41806-0017.wav,we shut our eyes the flowers bloom on we murmur but the corn ears fill we choose the shadow but the sun that casts it shines behind us still,we shut our eyes the flowers bloom on remember but the corners phil we choose the shadow but the sun that casted shines behind us still,we shut our eyes the flowers bloom on we murmur but the corn ears fill we choose the shadow but the sun that cast it shines behind us still,0,3,googlesr,wav2vec-ft-asr
30,set_30_5639-40744-0006.wav,rodolfo arrived at his own house without any impediment and leocadia is parents reached theirs heart broken and despairing,rodolfo arrived at his own house without any impediment elliotts parents reach theirs heartbroken and despairing,rudolphu arrived at his own house without any impediment aleocadias parents reached theirs heartbroken and despairing,2,1,googlesr,wav2vec-ft-asr
30,set_30_5683-32866-0013.wav,there was a bright moonlight broken by the shadows of overhanging boughs and withered leaves and the mottled lights and shadows glided oddly across his pale features,withered leaves and the modeled lights and shadows glided oddly across his pale features,there was a bright moonlight broken by the shadows of overhanging boughs and withered leaves and the model lights and shadows glided oddly across his pale features,0,3,googlesr,crdnn-rnnlm
30,set_30_61-70968-0034.wav,a montfichet a montfichet gamewell to the rescue,gamewell to the rescue,a montfiche a montfichet gamewell to the rescue,2,1,googlesr,crdnn-rnnlm
30,set_30_61-70970-0004.wav,but take it whilst i live and wear montfichet is shield in the days when my eyes can be rejoiced by so brave a sight for you will ne er disgrace our scutcheon i warrant me,but take it will i live and where monthly shays shield in the days when my eyes can be rejoiced by so brave of sight for you will never disgrace our dutch and i werent me,but take it whilst i live and wear montfichets shield in the days when my eyes can be rejoiced by so brave a sight for you will never disgrace our station i warrant me,2,1,googlesr,crdnn-rnnlm
30,set_30_6829-68769-0017.wav,worse tom worse n ever replied the jailer gloomily,worse tom worse than ever replied the jailer gloomily,where is tom wheres the nearest replied that taylor coleman,0,3,wav2vec-ft-asr,googlesr
30,set_30_6930-76324-0019.wav,now let us dust the furniture and pictures,now lets dust the furniture in pictures,now its dust the furniture and pictures,1,2,googlesr,crdnn-rnnlm
30,set_30_7127-75947-0026.wav,well said mademoiselle de tonnay charente i also think a good deal but i take care,well said mademoiselle dittonetshelland i also think a good deal but i take care,well said mademoiselle detonation i also think a good deal but i take care,1,2,whisper-base,googlesr
30,set_30_7176-92135-0020.wav,9923 elsinore 99 yes hallo is that you horatio hamlet speaking,99 to 3 elzinor double not yes hello is that you horatio hamlet speaking,double 923 elsinore double knot yes hello is that you horacio handler speaking,3,0,wav2vec-ft-asr,googlesr
30,set_30_8463-294825-0015.wav,gram roughly 128th of an ounce,graham ruffly 128 of an ounce,graham roughly 128th of an ounce,0,3,googlesr,crdnn-rnnlm
30,set_30_8555-284447-0001.wav,hold him fast my men and as soon as i have had my coffee and oatmeal i will take him to the room of the great knife and patch him,hold him fast to my man and as soon i have had my coffee in oatmeal ill take him to the room of the great knife and pat him,hold him fast im in and as soon as i have had my coffee and oatmeal ill take him to the room of the great knife and patch him,2,1,whisper-base,googlesr
30,set_30_8555-284449-0002.wav,at the head of the pinkies were ghip ghisizzle and button bright who had the parrot on his shoulder and they were supported by captain coralie and captain tintint and rosalie the witch,at the head of the pinkies were gipgis isle and button bright who had the parrot on his shoulder and they were supported by captain coralie and captain tintint and rosalie the witch,who had the parrot on his shoulder and they were supported by captain cora lee and captain and rosalie the witch,1,2,whisper-base,googlesr
30,set_30_908-31957-0017.wav,mussulmans and giaours throw kerchiefs at a smile and have no ruth for any weeping,musclemans and gaiors throw kirchiffs at a smile and have no roof for any weeping,mussulmans and guyors throw kerchiefs at a smile and have no ruth for any weeping,3,0,whisper-base,wav2vec-ft-asr
31,set_31_1284-1180-0015.wav,we are traveling replied ojo and we stopped at your house just to rest and refresh ourselves,we are traveling replied ojo and we stop at your house just to rest and refresh ourselves,we are reply to joe and we stopped at your house just to rest and refresh ourselves,3,0,whisper-base,googlesr
31,set_31_1580-141083-0026.wav,as a matter of fact he could not said soames for i entered by the side door,as a matter of fact he could not said soms fry entered by the sight door,as a matter of fact he could not said psalms for i entered by the side door,2,1,whisper-base,wav2vec-ft-asr
31,set_31_237-134493-0010.wav,i never see lou is scythe over here,i never see los scythe over here,i never see lose sight over here,1,2,wav2vec-ft-asr,googlesr
31,set_31_237-134500-0028.wav,i am sure alexandra hopes you will stay on here she murmured,i am alexander helps you will stay on here she murmured,i am sure alexandera hopes you will stay on here she murmured,1,2,whisper-base,wav2vec-ft-asr
31,set_31_260-123286-0012.wav,but there seemed no reason to fear,but there seem no reason to fear,but there seemed no reason of fear,0,3,whisper-base,crdnn-rnnlm
31,set_31_2830-3980-0022.wav,the clause seems superfluous on 1st sight,the claw seems supervervalous on 1st sight,the claws seemed superfluous on 1st sight,0,3,whisper-base,wav2vec-ft-asr
31,set_31_2961-961-0014.wav,9000 years have elapsed since she founded yours and 8000 since she founded ours as our annals record,9000 years have you laughed since she founded yours and 8000 since she founded ours as our annals record,9000 years have elapsed since she founded yours and 8000 since she foundet ours as ore annalds record,2,1,googlesr,wav2vec-ft-asr
31,set_31_3575-170457-0009.wav,january and february of 1837 had passed away and still there was no reply from southey,january in february of 1837 had passed away and still there was no reply from the southie,january and february of 1837 had passed away and still there was no reply from saudi,1,2,wav2vec-ft-asr,googlesr
31,set_31_3729-6852-0043.wav,i reside in the marais rue de douze portes,i reside in the maverick groudon sport,i reside in the marais rue de dusport,0,3,googlesr,crdnn-rnnlm
31,set_31_4446-2271-0008.wav,irene burgoyne one of her family told me in confidence that there was a romance somewhere back in the beginning,iren bergoin one of her family told me in confidence that there was a romance somewhere back in the beginning,somewhere back in the beginning,2,1,wav2vec-ft-asr,googlesr
31,set_31_4446-2275-0044.wav,do not cry do not cry he whispered,do not dont do not whispered,do not cry do not he whisper,0,3,wav2vec-ft-asr,googlesr
31,set_31_4970-29095-0030.wav,father thee is unjust to philip he is going into business,father these unjust to fill up he is into business,father hes unjust to philip hes he is business,2,1,whisper-base,crdnn-rnnlm
31,set_31_4970-29095-0036.wav,has thee consulted thy mother about a career i suppose it is a career thee wants,has dee consulted my mother about a career i suppose it is a career he wants,has the consulted thy mother about a career i suppose it is a career of the wants,1,2,whisper-base,googlesr
31,set_31_5142-33396-0000.wav,at another time harald asked,add another time herald,at another time harold asked,0,3,googlesr,crdnn-rnnlm
31,set_31_7127-75947-0021.wav,la valliere is quite a poetess said tonnay charente,the valleier is quite a poetess said tony shant,la valliere is quite a poetess said tony charlotte,2,1,whisper-base,crdnn-rnnlm
31,set_31_7127-75947-0023.wav,it is too difficult replied mademoiselle de tonnay charente laughing loudly,it is too difficult replied mademoiselle de tanichalrente laughing loudly,it is too difficult replied mademoiselle on laughing loudly,2,1,wav2vec-ft-asr,googlesr
31,set_31_7127-75947-0026.wav,well said mademoiselle de tonnay charente i also think a good deal but i take care,well said mademoiselle de tonachallent i also think a good deal but i take care,well said mademoiselle dartagnan didnt i also think a good deal but i take care,3,0,wav2vec-ft-asr,crdnn-rnnlm
31,set_31_7127-75947-0027.wav,to say nothing said montalais so that when mademoiselle de tonnay charente thinks athenais is the only one who knows it,is the only one who knows it,to say nothing said montalais so that when mademoiselle de tournay her aunt thinks athenae is the only one who knows it,0,3,googlesr,crdnn-rnnlm
31,set_31_7176-92135-0020.wav,9923 elsinore 99 yes hallo is that you horatio hamlet speaking,double 923 elzenor double not yes hello is that you horatio handless speaking,9923 elizabeth the double knot yes hello is that you horatio hamlet speaking,3,0,whisper-base,crdnn-rnnlm
31,set_31_8463-294825-0013.wav,for many then this book has been a source of fascination surely one of the most influential novels ever written an inspiration for such scientists and discoverers as engineer simon lake oceanographer william beebe polar traveler sir ernest shackleton,for many then this book has been a source of fascination surely one of the most influential novels ever written an inspiration for such scientists and discoverers as engineer simon lake ogenographer william b b polar traveler sir earnest shackleton,has been a source of fascination surely one of the most influential novels ever written and inspiration for such scientists and discoverers as engineers simon lake oceanographer william bb polar traveler are ernest shackleton,2,1,wav2vec-ft-asr,googlesr
32,set_32_1995-1836-0008.wav,i believe in the training of people to their highest capacity the englishman here heartily seconded him,i believe in the training of people to their has capacity the englishmen here heartily suconded him,i believe in the training of people to the highest capacity the englishman hear heartily seconded him,2,1,wav2vec-ft-asr,googlesr
32,set_32_237-126133-0000.wav,here she would stay comforted and soothed among the lovely plants and rich exotics rejoicing the heart of old turner the gardener who since polly is 1st rapturous entrance had taken her into his good graces for all time,among the lovely plants and rich exotics rejoicing the heart of old turner the gardener who sings pollys 1st rapturous entrance had taken her into his good graces for all time,here she would stay comforted and soothed among the lovely plants and rich exotics rejoicing the heart of old turner the gardener who since pollys 1st rapturous entrance had taken her into his good graces for all time,1,2,googlesr,crdnn-rnnlm
32,set_32_237-134493-0010.wav,i never see lou is scythe over here,i never see lose sight over here,i never see los scythe over here,1,2,googlesr,wav2vec-ft-asr
32,set_32_2961-960-0012.wav,many if not all the elements of the pre socratic philosophy are included in the timaeus,many if not all the elements of the presocratic philosophy are included in the timeus,mini its not all the elements of the prescribed philosophy are included in the timmy is,3,0,wav2vec-ft-asr,googlesr
32,set_32_2961-961-0014.wav,9000 years have elapsed since she founded yours and 8000 since she founded ours as our annals record,9000 years have you laughed since she founded yours and 8000 since she founded ours as our annals record,9000 years have elapsed since she found it yours and 8000 since she found it ours as our annals record,1,2,googlesr,crdnn-rnnlm
32,set_32_4446-2271-0013.wav,do you know i thought the dance a bit conscious to night for the 1st time,you know i thought the dance a bit conscious tonight for the 1st time,you know i thought the dance had been conscience tonight for the 1st time,2,1,whisper-base,crdnn-rnnlm
32,set_32_4446-2271-0018.wav,she considered a moment and then said no i think not though i am glad you ask me,she considered for a moment and then said no i think not i am am glad you ask me,she considered for a moment and then said no i think not i am im glad you asked me,2,1,wav2vec-ft-asr,googlesr
32,set_32_5142-36377-0011.wav,mister jago is an american philip,this jago is an american philip,is diego is an american phil,3,0,whisper-base,googlesr
32,set_32_5639-40744-0006.wav,rodolfo arrived at his own house without any impediment and leocadia is parents reached theirs heart broken and despairing,rudolphu arrived at his own house without any impediment aleocadias parents reached theirs heartbroken and despairing,rodolfo arrived at his own house without any impediment elliotts parents reach theirs heartbroken and despairing,3,0,wav2vec-ft-asr,googlesr
32,set_32_5683-32866-0002.wav,but do not these very wise things sometimes turn out very foolishly,but do not very wise things sometimes turn out very foolishly,sometimes do not very foolishly,1,2,wav2vec-ft-asr,googlesr
32,set_32_61-70970-0004.wav,but take it whilst i live and wear montfichet is shield in the days when my eyes can be rejoiced by so brave a sight for you will ne er disgrace our scutcheon i warrant me,but take it whilst i live and where montfichets shield in the days when my eyes can be rejoiced by so brave a sight for you will never disgrace our tuchend i warrant me,but take it will i live and where monthly shays shield in the days when my eyes can be rejoiced by so brave of sight for you will never disgrace our dutch and i werent me,3,0,wav2vec-ft-asr,googlesr
32,set_32_6829-68769-0017.wav,worse tom worse n ever replied the jailer gloomily,where is tom wheres the nearest replied that taylor coleman,worse tom worse an error replied the jailer gloomily,1,2,googlesr,crdnn-rnnlm
32,set_32_7021-85628-0021.wav,he still held on to it with both hands as he rushed into his mother is cottage,he still held on to it with both hands as he rushed into his mothers cottage,he still held on to it with both hands as he rushed into his mothers cottagers cottage,1,2,googlesr,crdnn-rnnlm
32,set_32_7127-75947-0027.wav,to say nothing said montalais so that when mademoiselle de tonnay charente thinks athenais is the only one who knows it,is the only one who knows it,to say nothing said montalais so that when mademoiselle de tournay her aunt thinks athenae is the only one who knows it,0,3,googlesr,crdnn-rnnlm
32,set_32_7127-75947-0033.wav,how is it la valliere said mademoiselle de tonnay charente that the vicomte de bragelonne spoke of you as louise,how is it le valier said mademoiselle de tenichamant that the vicomte de brag alone spoke of you as louise,how is it lavalier said mademoiselle detention on that the vehicle loans spoke of you as louise,3,0,wav2vec-ft-asr,googlesr
32,set_32_7176-92135-0019.wav,i want 99 hal lo,i want 99 hello,i want 99 pillow,1,2,whisper-base,crdnn-rnnlm
32,set_32_8455-210777-0026.wav,and the death of which i dreamt could not alas,on the death of which i dreamed could not alas,and the death of which i drink could not alas,0,3,googlesr,crdnn-rnnlm
32,set_32_8463-294828-0005.wav,conseil was my manservant,cosseil was my man servant,cosette was my mans servant,3,0,wav2vec-ft-asr,crdnn-rnnlm
32,set_32_8555-284447-0003.wav,but cap n bill made no such attempt knowing it would be useless,puccatonville made no such attempt knowing it would be useless,put cotton belt made no such attempt knowing it would be useless,0,3,whisper-base,googlesr
32,set_32_908-157963-0014.wav,descend 0 little cloud and hover before the eyes of thel,descend a little cloud and hover before the eyes of thel,does send a little cloud and hover before the eyes of fell,1,2,whisper-base,googlesr
33,set_33_1284-1180-0015.wav,we are traveling replied ojo and we stopped at your house just to rest and refresh ourselves,we are traveling replied ojo and we stopp at your house just to rest and refresh ourselves,we are reply to joe and we stopped at your house just to rest and refresh ourselves,3,0,wav2vec-ft-asr,googlesr
33,set_33_1580-141083-0026.wav,as a matter of fact he could not said soames for i entered by the side door,as a matter of fact he could not said soms fry entered by the sight door,as a matter of fact he could not said psalms for i entered by the side door,1,2,whisper-base,googlesr
33,set_33_237-134493-0000.wav,it is 16 years since john bergson died,it is 16 years since john birx and died,it is 16 years since john burgson died,0,3,whisper-base,wav2vec-ft-asr
33,set_33_237-134500-0014.wav,and emil mowed his way slowly down toward the cherry trees,and amiel mowed his way slowly down toward the cherry trees,add email mode his way slowly down toward the cherry trees,2,1,wav2vec-ft-asr,googlesr
33,set_33_2961-960-0016.wav,but plato has not the same mastery over his instrument which he exhibits in the phaedrus or symposium,but plato has not the same mystery over his instrument which he exhibits either phedres or symposium,put playdoh has not the same mastery over his instrument which he exhibits in the features or symposium,3,0,wav2vec-ft-asr,googlesr
33,set_33_3570-5695-0004.wav,if beauty or comfort is achieved and it is a more or less fortuitous circumstance if they are they must be achieved by means and methods that commend themselves to the great economic law of wasted effort,if beauty or comfort is achieved and it is more or less for true to circumstance they are are they must be achieved by means and methods that commend themselves through the great economic law of wasted effort,if beauty comfort is achieved and it it is moralist fortuitous circumstance if they are they they are achieved by means and methods that commend themselves to the great economic law of wasted effort,3,0,whisper-base,crdnn-rnnlm
33,set_33_4446-2273-0006.wav,they are all sketches made about the villa d este you see,they are all sketches made about the villa de steucie,they are all sketches made about the villadeste you see,1,2,whisper-base,wav2vec-ft-asr
33,set_33_4446-2275-0044.wav,do not cry do not cry he whispered,do not dont do not whispered,do not cry do not he whisper,0,3,whisper-base,googlesr
33,set_33_5639-40744-0006.wav,rodolfo arrived at his own house without any impediment and leocadia is parents reached theirs heart broken and despairing,rudolphu arrived at his own house without any impediment aleocadias parents reached theirs heartbroken and despairing,rodolfo arrived at his own house without any impediment elliotts parents reach theirs heartbroken and despairing,0,3,wav2vec-ft-asr,googlesr
33,set_33_5683-32866-0013.wav,there was a bright moonlight broken by the shadows of overhanging boughs and withered leaves and the mottled lights and shadows glided oddly across his pale features,there was a bright moonlight broken by the shadows of overhanging bows and withered leaves and the modeled lights and shadows glided oddly across his pale features,withered leaves and the modeled lights and shadows glided oddly across his pale features,3,0,whisper-base,googlesr
33,set_33_5683-32866-0024.wav,i sha not trouble you about my train of thoughts or fancies but i began to feel very like a gentleman in a ghost story watching experimentally in a haunted chamber,i shant trouble you about my train of thoughts or fancies but i began to feel very like a gentleman in a ghost story watching experimentally in a haunted chamber,but i began to feel very like a gentleman and a ghost story watching experimentally in a haunted chamber,3,0,wav2vec-ft-asr,googlesr
33,set_33_61-70970-0026.wav,fitzooth is hand rested at last upon the top rung of a ladder and slowly the truth came to him,fitzeuths hand rested at last upon the top rung of a ladder and slowly the truth came to him,5010 arrested at last upon the top rung of a ladder and slowly the truth came to him,2,1,whisper-base,googlesr
33,set_33_6829-68769-0039.wav,he looked up rather ungraciously but motioned them to be seated,he looked up rather ungracious sleep but motioned them to be seated,he looked up rather ungraciously but motion them to be seated,1,2,whisper-base,googlesr
33,set_33_7021-79740-0004.wav,you have come andella andella was the name of jane is doll to make rosalie a visit,you have come andela and dela was the name of jane stahl to make rosalie a visit,you have come and ella adela was the name of janes doll to make rosalie a visit,3,0,whisper-base,crdnn-rnnlm
33,set_33_7176-92135-0019.wav,i want 99 hal lo,i want 99 hello,i want 99 pillow,2,1,wav2vec-ft-asr,crdnn-rnnlm
33,set_33_7176-92135-0020.wav,9923 elsinore 99 yes hallo is that you horatio hamlet speaking,double 923 elsinore double knot yes hello is that you horacio handler speaking,99 to 3 elzinor double not yes hello is that you horatio hamlet speaking,1,2,googlesr,wav2vec-ft-asr
33,set_33_8463-294825-0013.wav,for many then this book has been a source of fascination surely one of the most influential novels ever written an inspiration for such scientists and discoverers as engineer simon lake oceanographer william beebe polar traveler sir ernest shackleton,for many then this book has been a source of fascination surely one of the most influential novels ever written an inspiration for such scientists and discoverers as engineer simon lake ogenographer william b b polar traveler sir earnest shackleton,has been a source of fascination surely one of the most influential novels ever written and inspiration for such scientists and discoverers as engineers simon lake oceanographer william bb polar traveler are ernest shackleton,2,1,wav2vec-ft-asr,googlesr
33,set_33_8463-294828-0005.wav,conseil was my manservant,cosseil was my man servant,cosette was my mans servant,3,0,wav2vec-ft-asr,crdnn-rnnlm
33,set_33_8555-284449-0002.wav,at the head of the pinkies were ghip ghisizzle and button bright who had the parrot on his shoulder and they were supported by captain coralie and captain tintint and rosalie the witch,at the head of the pinkies were ghip ghisizzle and button bright who had the parrot on his shoulder and they were supported by captain corolee and captain tin tent and rosalie the witch,who had the parrot on his shoulder and they were supported by captain cora lee and captain and rosalie the witch,2,1,wav2vec-ft-asr,googlesr
33,set_33_8555-284449-0015.wav,i will not be wicked any more sighed the old boolooroo i will reform,not will not any more sighed the old boolooroo ill reform,how will not be wicked anymore by the old bluray how re,1,2,wav2vec-ft-asr,googlesr
34,set_34_1580-141083-0021.wav,there is no opening except the one pane said our learned guide,there is no opening except the one pain center learned guide,there is no opening except the one pain said our learned guide,1,2,googlesr,crdnn-rnnlm
34,set_34_1995-1826-0007.wav,find some cresswells there big plantations rated at 250000,find some cross wells there big plantations rated at 250000,find some creswells their big plantations rated at 2 5 0 0 0 0,2,1,whisper-base,googlesr
34,set_34_2094-142345-0028.wav,no no no totty ud get her feet wet said missus poyser carrying away her iron,no no no totty had get her feet wet said missus poyser carrying away her iron,no no no no no no to get her feet wet said missus poyser carrying away her iron,2,1,wav2vec-ft-asr,googlesr
34,set_34_260-123286-0030.wav,suddenly the ichthyosaurus and the plesiosaurus disappear below leaving a whirlpool eddying in the water,suddenly the ictiasaurus and the plessiosaurus disappear below leaving a warpole edding in the water,suddenly the iciosaurus and the plesiosaurus disappeared below leaving a whirlpool eddying in the water,1,2,whisper-base,crdnn-rnnlm
34,set_34_2961-961-0009.wav,tell us said the other the whole story and where solon heard the story,tell us that the other the whole story and where is soul and her the story,tell us said the other the whole story and where salon heard the story,2,1,googlesr,wav2vec-ft-asr
34,set_34_3729-6852-0043.wav,i reside in the marais rue de douze portes,i reside in the marrae grouda du sport,i reside in the mara grue de dusport,2,1,whisper-base,wav2vec-ft-asr
34,set_34_4446-2271-0013.wav,do you know i thought the dance a bit conscious to night for the 1st time,you know i thought the dance a bit conscious tonight for the 1st time,for the 1st time,1,2,whisper-base,googlesr
34,set_34_5683-32866-0002.wav,but do not these very wise things sometimes turn out very foolishly,sometimes do not very foolishly,but do not very wise things sometimes turn out very foolishly,2,1,googlesr,crdnn-rnnlm
34,set_34_61-70970-0026.wav,fitzooth is hand rested at last upon the top rung of a ladder and slowly the truth came to him,5010 arrested at last upon the top rung of a ladder and slowly the truth came to him,fitzooths hand rested at last upon the top rung of a ladder and slowly the truth came to him,2,1,googlesr,crdnn-rnnlm
34,set_34_6829-68769-0039.wav,he looked up rather ungraciously but motioned them to be seated,he looked up rather ungracious sleep but motioned them to be seated,he looked up rather ungraciously but motion them to be seated,2,1,whisper-base,googlesr
34,set_34_6829-68771-0027.wav,they they excite me in some way and i i can not bear them you must excuse me,they excite me in some way and i cant bear them you must excuse me,they they excite me in some way and i i cant bear them you must excuse me,1,2,whisper-base,crdnn-rnnlm
34,set_34_6930-76324-0025.wav,why it is goliath as usual they both cried peering in,why it is as usual they both cry peering in,why it is as usual they both cried peering in,1,2,whisper-base,wav2vec-ft-asr
34,set_34_7127-75947-0023.wav,it is too difficult replied mademoiselle de tonnay charente laughing loudly,it is too difficult replied mademoiselle dittani shahan laughing loudly,it is too difficult replied mademoiselle dartagnan and laughing loudly,2,1,whisper-base,crdnn-rnnlm
34,set_34_7127-75947-0033.wav,how is it la valliere said mademoiselle de tonnay charente that the vicomte de bragelonne spoke of you as louise,how is it lavalier said mademoiselle detention on that the vehicle loans spoke of you as louise,how is it la valliere said mademoiselle de commission that the vicomte de bragelonne spoke of you as louise,0,3,googlesr,crdnn-rnnlm
34,set_34_7176-92135-0041.wav,re enter butler and 3 footmen who remove the tea things hostess to guest,reenter butler and 3 ft men who removed the tea things hostess to,re enter butler and 3 footmen who removed the tea things hostess to guest,2,1,googlesr,crdnn-rnnlm
34,set_34_8455-210777-0052.wav,you will allow me to suggest said he that that is a matter of opinion,you will allow me to suggest that he that that is a matter of opinion,you will allow me to suggest said he but that is a matter of opinion,2,1,googlesr,crdnn-rnnlm
34,set_34_8555-284447-0003.wav,but cap n bill made no such attempt knowing it would be useless,put cotton belt made no such attempt knowing it would be useless,but capn bill made no such attempt knowing it would be useless,2,1,googlesr,crdnn-rnnlm
34,set_34_8555-284449-0006.wav,do not worry sizzle dear it will all come right pretty soon,do not sizzle deer itll all come right pretty soon,do not cisil dear it all come right pretty soon,1,2,whisper-base,wav2vec-ft-asr
34,set_34_8555-284449-0013.wav,scuse me said trot i neglected to tell you that you are not the boolooroo any more,i neglected to tell you that youre not the boolaroo you are not,excuse me said trot i neglected to tell you that you are not boolooroo any more,1,2,googlesr,wav2vec-ft-asr
34,set_34_8555-292519-0003.wav,in a sunset glowing of crimson and gold she lies the glory of the world a beached king is galley whose sails are furled who is hung with tapestries rich and old,in a sunset glowing of crimson and gold she lies the glory of the world a beached kings galley who sells or who is hung with tapestries rich and old,in a sunset glowing of crimson and gold she lies the glory of the world a beeched kings galley whose sailes are furled who is hung with tapestries rich and old,1,2,googlesr,wav2vec-ft-asr
35,set_35_1089-134686-0016.wav,then you can ask him questions on the catechism dedalus,then you can ask him questions on the catechism daedalus,then you can ask him questions on the catechism deadliest,2,1,wav2vec-ft-asr,googlesr
35,set_35_121-127105-0021.wav,will not you tell douglas,will not tell douglas,will not tell doug,3,0,wav2vec-ft-asr,googlesr
35,set_35_1320-122612-0016.wav,run back uncas and bring me the size of the singer is foot,run back unkas and bring me the size of the singers foot,run back on chris and bring me the size of the singers foot,1,2,whisper-base,googlesr
35,set_35_2094-142345-0035.wav,but not more than what is in the bible aunt said dinah,but not more than whats in the bible aunt said dinah,but not more than whats in the bible and sadina,1,2,wav2vec-ft-asr,googlesr
35,set_35_237-126133-0005.wav,0 she is always at the piano said van she must be there now somewhere and then somebody laughed,she she is there now somewhere and then somebody laugh,0 she is at the piano said van she must be there now somewhere and then somebody laughed,3,0,googlesr,crdnn-rnnlm
35,set_35_4446-2271-0013.wav,do you know i thought the dance a bit conscious to night for the 1st time,for the 1st time,you know i thought the dance ha be conscience to night for the 1st time,0,3,googlesr,wav2vec-ft-asr
35,set_35_4446-2273-0006.wav,they are all sketches made about the villa d este you see,they are all sketches made about the villa de steucie,they are all sketches made about the villadeste you see,2,1,whisper-base,wav2vec-ft-asr
35,set_35_4992-41797-0003.wav,mister popham laid down his brush,mister popham lay down his brush,mister popum laid down his brush,1,2,whisper-base,wav2vec-ft-asr
35,set_35_5142-33396-0018.wav,my dragon is belly is never full and on board went the gold,my dragons belly is never full and on board went the gold,my dragons belly is never full and im bored with the gold,1,2,wav2vec-ft-asr,googlesr
35,set_35_5683-32865-0016.wav,0 i know that is lorne brandon,0 i know thats lorn brandon,0 i know thats lauren brandon,2,1,wav2vec-ft-asr,googlesr
35,set_35_61-70968-0059.wav,it will be no disappointment to me,itll be no disappointment to me,itll be no disappointment disappointment to me,1,2,wav2vec-ft-asr,crdnn-rnnlm
35,set_35_6829-68771-0021.wav,but it can not be protested the girl,but it cant be protested the girl,but it cant be protested the,2,1,whisper-base,googlesr
35,set_35_6930-76324-0025.wav,why it is goliath as usual they both cried peering in,why it is as usual they both cry peering in,why it is as usual they both cried peering,2,1,whisper-base,googlesr
35,set_35_7127-75947-0021.wav,la valliere is quite a poetess said tonnay charente,the valleier is quite a poetess said tony shant,lavalier is quite a poetess said tone charent,3,0,whisper-base,wav2vec-ft-asr
35,set_35_7127-75947-0033.wav,how is it la valliere said mademoiselle de tonnay charente that the vicomte de bragelonne spoke of you as louise,how is it lavalier said mademoiselle de tanishaunt that the v compte bragallone spoke of you as louise,how is it lavalier said mademoiselle detention on that the vehicle loans spoke of you as louise,1,2,whisper-base,googlesr
35,set_35_7176-92135-0041.wav,re enter butler and 3 footmen who remove the tea things hostess to guest,reinterbottler and 3 footmen who removed the tthings hostess to guest,re enter butler and 3 footmen who removed the tea things hostess to guest,1,2,whisper-base,crdnn-rnnlm
35,set_35_8463-294825-0006.wav,his specifications for an open sea submarine and a self contained diving suit were decades before their time yet modern technology bears them out triumphantly,his specifications for an open sea submarine and a self containing diving suit were decades before their time yet modern technology bears them out triumphantly,is specifications for an open sea submarine and a selfcontained diving suit or decades before their time yet modern technology where is the mount triumphantly,2,1,wav2vec-ft-asr,googlesr
35,set_35_8555-284447-0003.wav,but cap n bill made no such attempt knowing it would be useless,puccatonville made no such attempt knowing it would be useless,but capn bill made no such attempt knowing it would be useless,1,2,whisper-base,wav2vec-ft-asr
35,set_35_8555-284449-0015.wav,i will not be wicked any more sighed the old boolooroo i will reform,ill will not wicked anymore side the old booleroo ill reform,ill will not wicked any more sighed the old boolooroo ill reform,2,1,whisper-base,crdnn-rnnlm
35,set_35_908-31957-0022.wav,then i long tried by natural ills received the comfort fast while budding at thy sight my pilgrim is staff gave out green leaves with morning dews impearled,then i long tried by natural ills received the comfort fast while budding at thy sight my pilgrims staff gave out green leaves with morning dews impearled,my pilgrims staff gave out green leaves with morning dues in pearls,3,0,wav2vec-ft-asr,googlesr
36,set_36_1284-1180-0023.wav,you see i have lived all my life with unc nunkie the silent one and there was no one to tell me anything,you see i have all my life with unc nunkie the silent one and there was no one to tell me anything,uci ive i have my life without monkey the silent one and there was no one to tell me anything,3,0,wav2vec-ft-asr,googlesr
36,set_36_1284-1181-0020.wav,dear me what a chatterbox you are getting to be unc remarked the magician who was pleased with the compliment,dear me what a chatterbox you are to be unk or mark the magician who is pleased with the compliment,dear me what a chatterbox you are to be there remarked the magician who was pleased with the compliment,3,0,googlesr,crdnn-rnnlm
36,set_36_1580-141083-0030.wav,mister soames was somewhat overwhelmed by this flood of information,mister psalms was somewhat overwhelmed by this flood of information,could not understand audio,2,1,wav2vec-ft-asr,googlesr
36,set_36_2094-142345-0058.wav,by the by i have never seen your dairy i must see your dairy missus poyser,by the bye i have seen your dairy i must see your dairy missus poyser,byebye ive never i have diary am i see your dairy missus poyser,3,0,wav2vec-ft-asr,googlesr
36,set_36_237-126133-0000.wav,here she would stay comforted and soothed among the lovely plants and rich exotics rejoicing the heart of old turner the gardener who since polly is 1st rapturous entrance had taken her into his good graces for all time,here she would stay comforted and soothed among the lovely plants and rich exotics rejoicing the heart of old turner the gardener who since pollys 1st rapturous entrance had taken her into his good graces for all time,among the lovely plants and rich exotics rejoicing the heart of old turner the gardener who sings pollys 1st rapturous entrance had taken her into his good graces for all time,2,1,wav2vec-ft-asr,googlesr
36,set_36_237-126133-0016.wav,0 no jasper i must go by my very own self,i must go by my very own self,0 no japser i must go by my very own self,3,0,googlesr,wav2vec-ft-asr
36,set_36_237-126133-0017.wav,there jap you have caught it laughed percy while the others screamed at the sight of jasper is face,bear jab you have it last percy while the others screamed at the side of jaspers face,there jap you have it laughed percy while the others screamed at the sight of jaspers face,3,0,googlesr,wav2vec-ft-asr
36,set_36_2961-960-0016.wav,but plato has not the same mastery over his instrument which he exhibits in the phaedrus or symposium,but plato has not the same mystery over his instrument which he exhibits either phedres or symposium,put playdoh has not the same mastery over his instrument which he exhibits in the features or symposium,2,1,wav2vec-ft-asr,googlesr
36,set_36_3729-6852-0043.wav,i reside in the marais rue de douze portes,i reside in the maverick groudon sport,i reside in the marais rue de dusport,1,2,googlesr,crdnn-rnnlm
36,set_36_4446-2271-0013.wav,do you know i thought the dance a bit conscious to night for the 1st time,you know i thought the dance ha be conscience to night for the 1st time,for the 1st time,2,1,wav2vec-ft-asr,googlesr
36,set_36_4992-41797-0019.wav,olive is mournful black eyes met nancy is sparkling brown ones,all of his mournful black eyes meant nancys sparkling brown ones,olives mournful black eyes met nancys sparkling brown ones,1,2,whisper-base,wav2vec-ft-asr
36,set_36_4992-41806-0011.wav,mother carey poured coffee nancy chocolate and the others helped serve the sandwiches and cake doughnuts and tarts,mothercarrieport coffee nancy chocolate and the others help serve the sandwiches and cake donuts and tarts,mother carey poured coffee nancy chocolate and the otherself served the sandwiches and cake doughnuts and tarts,0,3,whisper-base,crdnn-rnnlm
36,set_36_5142-33396-0018.wav,my dragon is belly is never full and on board went the gold,my dragons belly is never full and on board went the gold,my dragons belly is never full and im bored with the gold,2,1,whisper-base,googlesr
36,set_36_5683-32866-0024.wav,i sha not trouble you about my train of thoughts or fancies but i began to feel very like a gentleman in a ghost story watching experimentally in a haunted chamber,i shent trouble you about my train of thoughts or fancies but i began to feel very like a gentleman in a ghost story watching experimentally in a haunted chamber,but i began to feel very like a gentleman and a ghost story watching experimentally in a haunted chamber,2,1,whisper-base,googlesr
36,set_36_61-70968-0059.wav,it will be no disappointment to me,itll be no disappointment to me,itll be no disappointment disappointment to me,2,1,googlesr,crdnn-rnnlm
36,set_36_61-70970-0001.wav,there befell an anxious interview mistress fitzooth arguing for and against the squire is project in a breath,will there be felon anxious interview mistress fit suits arguing for and against the squires project in the breath,there befell an anxious interview mistress fitzooth arguing foreign against the squires project in a breath,2,1,googlesr,crdnn-rnnlm
36,set_36_6829-68769-0002.wav,i can not see it in that light said the old lawyer,i cant see it in that light is that the old lawyer,i cant see it in that light said the old lawyer,0,3,whisper-base,wav2vec-ft-asr
36,set_36_7176-92135-0011.wav,now the object of this soliloquy is plain,now the object of this solar quay is plain,now the object of this soliloquy is playing,2,1,whisper-base,googlesr
36,set_36_8555-284447-0002.wav,i would not mind a cup 0 coffee myself said cap n bill i have had consid ble exercise this mornin and i am all ready for breakfas,i would not a cup of coffee myself said canbill ive had considerable i have mornin and im al ready for breakfast i am,i would not a cup of coffee myself ive had considerable exercise this i have im already for breakfast i am,2,1,wav2vec-ft-asr,googlesr
36,set_36_8555-284447-0023.wav,i could not shiver much bein bound so tight but when i am loose i mean to have jus one good shiver to relieve my feelin is,i could not much being bound so tight but when im i am mean to have just swun good shiver to relieve my feelings,but could not loose i mean to have just one good i am relieve my feelings,2,1,wav2vec-ft-asr,googlesr
37,set_37_1995-1826-0023.wav,goobers do not grow on the tops of vines but underground on the roots like yams is that so,goobles do not on the tops of vans but on the ground on the roots like yaums is that so,google do not on the tops of vines but underground on the roots like yams is that so,1,2,wav2vec-ft-asr,googlesr
37,set_37_2094-142345-0024.wav,munny my iron is twite told pease put it down to warm,money my irons tight told please put it down to warm,funny my irons tight told hes put it down to warm,1,2,googlesr,crdnn-rnnlm
37,set_37_237-126133-0005.wav,0 she is always at the piano said van she must be there now somewhere and then somebody laughed,0 she is at the piano said van she must be there now somewhere and then somebody laughed,she she is there now somewhere and then somebody laugh,2,1,whisper-base,googlesr
37,set_37_237-126133-0016.wav,0 no jasper i must go by my very own self,0 no japser i must go by my very own self,0 no doctor i must go by my very own self,1,2,wav2vec-ft-asr,crdnn-rnnlm
37,set_37_237-134493-0010.wav,i never see lou is scythe over here,i never see loose side over here,i never see los scythe over here,3,0,whisper-base,wav2vec-ft-asr
37,set_37_237-134500-0011.wav,are not you splashed look at the spider webs all over the grass,are not splashed look at the spider webs all over the grass,are not look at the spider webs all over the grass,3,0,whisper-base,crdnn-rnnlm
37,set_37_260-123286-0027.wav,i can distinguish the eye of the ichthyosaurus glowing like a red hot coal and as large as a man is head,i can distinguish the eye of the icthiasurus glowing like a red hot co and as large as a mans head,i can distinguish the eye of iphiosaurus glowing like a red hot coal and as large as a mans head,2,1,wav2vec-ft-asr,crdnn-rnnlm
37,set_37_2961-960-0016.wav,but plato has not the same mastery over his instrument which he exhibits in the phaedrus or symposium,but plato has not the same mystery over his instrument which he exhibits either phedres or symposium,put playdoh has not the same mastery over his instrument which he exhibits in the features or symposium,1,2,wav2vec-ft-asr,googlesr
37,set_37_2961-961-0009.wav,tell us said the other the whole story and where solon heard the story,tell us said the other the whole story and where salon heard the story,tell us that the other the whole story and where is soul and her the story,2,1,wav2vec-ft-asr,googlesr
37,set_37_3729-6852-0027.wav,that is true badauderie,that is true bad dealt gray,that is true badeltgree,2,1,whisper-base,wav2vec-ft-asr
37,set_37_4970-29093-0020.wav,why it is in missouri somewhere on the frontier i think we will get a map,brighton it is on the frontier i think well get a map,why it is missouri somewhere on the frontier i think well get a map,1,2,googlesr,wav2vec-ft-asr
37,set_37_4970-29095-0030.wav,father thee is unjust to philip he is going into business,father these unjust 0 philip hes he is business,father these are just to fill he is going into business,1,2,wav2vec-ft-asr,googlesr
37,set_37_4992-41797-0019.wav,olive is mournful black eyes met nancy is sparkling brown ones,olives mournful black eyes met nancys sparkling brown ones,all of his mournful black eyes met nancys sparkling brown ones,1,2,googlesr,crdnn-rnnlm
37,set_37_4992-41806-0017.wav,we shut our eyes the flowers bloom on we murmur but the corn ears fill we choose the shadow but the sun that casts it shines behind us still,we shut our eyes the flowers bloom on we murmur but the corn ears fill we choose the shadow but the sun that cast it shines behind us still,we shut our eyes the flowers bloom on remember but the corners phil we choose the shadow but the sun that casted shines behind us still,1,2,wav2vec-ft-asr,googlesr
37,set_37_5142-33396-0000.wav,at another time harald asked,add another time herald,at another time harold asked,1,2,googlesr,wav2vec-ft-asr
37,set_37_61-70968-0034.wav,a montfichet a montfichet gamewell to the rescue,a montfichet a montfichet game well to the rescue,gamewell to the rescue,2,1,wav2vec-ft-asr,googlesr
37,set_37_61-70968-0052.wav,but who is this fellow plucking at your sleeve,but who is this fellow plucking at your steeve,but who is this fellow plucking interest steve,0,3,wav2vec-ft-asr,googlesr
37,set_37_6930-81414-0019.wav,voltaire picked up something from the ground and looked at it,wont you pick up something from the ground and look at it,wheelchair picked up something from the ground and looked at it,3,0,whisper-base,googlesr
37,set_37_7176-92135-0019.wav,i want 99 hal lo,i want 99 hello,i want 99 pillow,2,1,googlesr,crdnn-rnnlm
37,set_37_8555-284447-0009.wav,mornin girls hope ye feel as well as ye look,morning girls hope you feel as well as you look,mourning girls are people as well as ye look,1,2,wav2vec-ft-asr,crdnn-rnnlm
38,set_38_121-127105-0021.wav,will not you tell douglas,will not tell douglas,will not tell doug,3,0,wav2vec-ft-asr,googlesr
38,set_38_1580-141083-0030.wav,mister soames was somewhat overwhelmed by this flood of information,could not understand audio,mister solmes was somewhat overwhelmed by this flood of information,2,1,googlesr,crdnn-rnnlm
38,set_38_2094-142345-0024.wav,munny my iron is twite told pease put it down to warm,money mirons twite told beese put it down to worm,money my irons tight told please put it down to warm,3,0,wav2vec-ft-asr,googlesr
38,set_38_237-126133-0005.wav,0 she is always at the piano said van she must be there now somewhere and then somebody laughed,0 she is at the piano said van she must be there now somewhere and then somebody laughed,she she is there now somewhere and then somebody laugh,2,1,wav2vec-ft-asr,googlesr
38,set_38_237-134500-0013.wav,marie picked cherries and sang softly to herself stripping one glittering branch after another shivering when she caught a shower of raindrops on her neck and hair,marie picked cherries and sang softly to herself stripping one glittering branch after another shivering when she got a shower of raindrops on her neck and hair,murray pick jerrys and saying softly to herself stripping one glittering ranch after another shivering when she caught a shower of raindrops on her neck and hair,3,0,wav2vec-ft-asr,googlesr
38,set_38_237-134500-0014.wav,and emil mowed his way slowly down toward the cherry trees,and amiel mowed his way slowly down toward the cherry trees,add email mode his way slowly down toward the cherry trees,2,1,wav2vec-ft-asr,googlesr
38,set_38_2961-961-0003.wav,i will if timaeus approves i approve,i will if to me as approves i approve,i will give to me is approves i approve,1,2,wav2vec-ft-asr,googlesr
38,set_38_4446-2271-0010.wav,he is another who is awfully keen about her let me introduce you,he is whos awfully keen about her let me introduce you,he is introduce you,3,0,wav2vec-ft-asr,googlesr
38,set_38_4446-2271-0013.wav,do you know i thought the dance a bit conscious to night for the 1st time,you know i thought the dance a bit conscious tonight for the 1st time,you know i thought the dance ha be conscience to night for the 1st time,2,1,whisper-base,wav2vec-ft-asr
38,set_38_5142-33396-0018.wav,my dragon is belly is never full and on board went the gold,my dragons belly is never full and im bored with the gold,my dragons belly is never full and on board went the gold,3,0,googlesr,wav2vec-ft-asr
38,set_38_61-70968-0052.wav,but who is this fellow plucking at your sleeve,but who is this fellow plucking interest steve,but who is this fellow plucking at your steeve,1,2,googlesr,wav2vec-ft-asr
38,set_38_61-70970-0004.wav,but take it whilst i live and wear montfichet is shield in the days when my eyes can be rejoiced by so brave a sight for you will ne er disgrace our scutcheon i warrant me,but take it will i live and where monthly shays shield in the days when my eyes can be rejoiced by so brave of sight for you will never disgrace our dutch and i werent me,but take it whilst i live and wear montfichets shield in the days when my eyes can be rejoiced by so brave a sight for you will never disgrace our station i warrant me,2,1,googlesr,crdnn-rnnlm
38,set_38_6829-68771-0021.wav,but it can not be protested the girl,but it cant be protested the girl,but it cant be protested the,2,1,wav2vec-ft-asr,googlesr
38,set_38_6930-76324-0010.wav,what in the world is that queried joyce,what in the world is it queried joyce,where in the world is it query choice,1,2,wav2vec-ft-asr,googlesr
38,set_38_6930-81414-0016.wav,but that is kaffar is knife,but that is kaffirs knife,but that is caspers knife,2,1,wav2vec-ft-asr,googlesr
38,set_38_7021-79740-0004.wav,you have come andella andella was the name of jane is doll to make rosalie a visit,you have come andela and dela was the name of jane stahl to make rosalie a visit,you have come and della and bella was the name of janes doll to make rosalie a visit,1,2,whisper-base,googlesr
38,set_38_7127-75947-0021.wav,la valliere is quite a poetess said tonnay charente,the valley is quite a poetess said tony shalom,la valliere is quite a poetess said tony charlotte,2,1,googlesr,crdnn-rnnlm
38,set_38_7729-102255-0031.wav,he continued his pretended search and to give color to his errand made 2 arrests,he continued his pretended surge and to give color to his aaron made 2 arrests,he continued his pretended search and to give color to his errand made to arrest,3,0,googlesr,crdnn-rnnlm
38,set_38_8455-210777-0046.wav,you may be quite sure it is there said captain battleaxe and that i can so use it as to half obliterate your town within 2 minutes of my return on board,you may be quite sure it is so you can use it as to half obliterate your town within 2 minutes of my return on board,you may be quite sure it is should captain battle ax and that i can so use it as to half obliterate your town within 2 minutes of my return on board,1,2,whisper-base,googlesr
38,set_38_8463-294828-0034.wav,we will be quite comfortable here i told conseil,well be quite comfortable here i told konsei,will be quite comfortable here i told him say,2,1,whisper-base,googlesr
39,set_39_1284-1180-0015.wav,we are traveling replied ojo and we stopped at your house just to rest and refresh ourselves,we are traveling replied ojo and we stopp at your house just to rest and refresh ourselves,we are reply to joe and we stopped at your house just to rest and refresh ourselves,3,0,wav2vec-ft-asr,googlesr
39,set_39_1284-1181-0020.wav,dear me what a chatterbox you are getting to be unc remarked the magician who was pleased with the compliment,dear me what a chatterbox you are to be unk or mark the magician who is pleased with the compliment,dear me what a chatterbox you are to be there remarked the magician who was pleased with the compliment,1,2,googlesr,crdnn-rnnlm
39,set_39_1995-1826-0006.wav,been looking up tooms county,been looking up to hums county,been looking up tombs county,3,0,whisper-base,wav2vec-ft-asr
39,set_39_2094-142345-0028.wav,no no no totty ud get her feet wet said missus poyser carrying away her iron,no no no totty had get her feet wet said missus poyser carrying away her iron,no no no no no no to get her feet wet said missus poyser carrying away her iron,3,0,wav2vec-ft-asr,googlesr
39,set_39_2094-142345-0058.wav,by the by i have never seen your dairy i must see your dairy missus poyser,by the bye i have seen your dairy i must see your dairy missus poyser,byebye ive never i have diary am i see your dairy missus poyser,2,1,wav2vec-ft-asr,googlesr
39,set_39_237-126133-0017.wav,there jap you have caught it laughed percy while the others screamed at the sight of jasper is face,there jap you have it laughed percy while the others screamed at the sight of jaspers face,bear jab you have it last percy while the others screamed at the side of jaspers face,2,1,wav2vec-ft-asr,googlesr
39,set_39_260-123286-0007.wav,he called this sea a pond and our long voyage taking a little sail,he called this sea upon and our long voyage taking a little sail,he called the sia pawn and i lost voice taking a little sale,2,1,wav2vec-ft-asr,googlesr
39,set_39_260-123286-0014.wav,truly this sea is of infinite width,truly this c is of infinite width,truly the sea is of infinite width,2,1,whisper-base,wav2vec-ft-asr
39,set_39_3729-6852-0027.wav,that is true badauderie,that is true by deathly,that is true middle degree,2,1,googlesr,crdnn-rnnlm
39,set_39_4970-29093-0020.wav,why it is in missouri somewhere on the frontier i think we will get a map,why it is missouri somewhere on the frontier i think well get a map,brighton it is on the frontier i think well get a map,2,1,wav2vec-ft-asr,googlesr
39,set_39_5142-33396-0007.wav,at the prow i carved the head with open mouth and forked tongue thrust out,hit the prow i carved the head with open mouth and forked tongue thrust out,at the prowl i call off the head with open mouth and forked tongue thrust out,2,1,whisper-base,googlesr
39,set_39_5142-33396-0052.wav,here is a ring for sif the friendly and here is a bracelet a sword would not be ashamed to hang at your side,heres a ring for sift the friendly and heres a bracelet and a sword would would not ashamed to hang at your side,heres a ring for schizophrenia and here is a bracelet and a sword would not would not to hang at your side,2,1,whisper-base,googlesr
39,set_39_5142-36377-0011.wav,mister jago is an american philip,mister yago is an american philip,is diego is an american phil,2,1,wav2vec-ft-asr,googlesr
39,set_39_5142-36377-0023.wav,you were quite right to say no ambrose began never smoke with john jago his cigars will poison you,you were quite right to say no ambrose began never smoke with johnny 0 his cigars will poison,you were quite right to say no ambrose began never smoke a johnnie ago his cigars will poison you,3,0,googlesr,crdnn-rnnlm
39,set_39_61-70968-0034.wav,a montfichet a montfichet gamewell to the rescue,a montvier a montvier game will to the rescue,a montfiche a montfichet gamewell to the rescue,3,0,whisper-base,crdnn-rnnlm
39,set_39_61-70970-0011.wav,as any in england i would say said gamewell proudly that is in his day,as any an england i would say said kim well proudly that is in his day,as any in england i would say that came well proudly that is in his day,3,0,whisper-base,googlesr
39,set_39_6829-68771-0021.wav,but it can not be protested the girl,but it cant be protested the girl,but it cant be protested the,3,0,wav2vec-ft-asr,googlesr
39,set_39_6930-81414-0012.wav,said another voice which i recognized as voltaire is kaffar,set another voice which i recognized as vultures kaffir,said another voice which i recognized as voltaires kaffir,2,1,googlesr,crdnn-rnnlm
39,set_39_7176-92135-0034.wav,the duchess of southbridge to lord reggie 0 reggie what did you say,the dodgers of southbridge to lord reggie reggie what did you say,the duchess of south bridge too lord reggie 0 reddy what did you say,2,1,googlesr,crdnn-rnnlm
39,set_39_8555-284447-0013.wav,why you said to fetch the 1st living creature we met and that was this billygoat replied the captain panting hard as he held fast to one of the goat is horns,why are you such a vegetables living creature we met and that was the spelling goat reply to captain panting hard as he held fast to one of the goats horns,why you sit to fetch the 1st living creature we met and that was the spilly goat replied the captain panting hard as he held fast to one of the goats horns,2,1,googlesr,wav2vec-ft-asr
40,set_40_1580-141083-0021.wav,there is no opening except the one pane said our learned guide,there is no opening except the one pain said our learned guide,there is no opening except the one pain center learned guide,1,2,wav2vec-ft-asr,googlesr
40,set_40_237-134493-0010.wav,i never see lou is scythe over here,i never see loose side over here,i never see lose sight over here,2,1,whisper-base,googlesr
40,set_40_2961-960-0012.wav,many if not all the elements of the pre socratic philosophy are included in the timaeus,many if not all the elements of the presocratic philosophy are included in the timeus,mini its not all the elements of the prescribed philosophy are included in the timmy is,2,1,wav2vec-ft-asr,googlesr
40,set_40_2961-961-0009.wav,tell us said the other the whole story and where solon heard the story,tell us said the other the whole story and where salon heard the story,tell us that the other the whole story and where is soul and her the story,1,2,wav2vec-ft-asr,googlesr
40,set_40_4446-2275-0008.wav,when did you come bartley and how did it happen you have not spoken a word,when to do com partly and how did it happen you have not a word,when did you come bartley and how did it happen you have not a word,0,3,whisper-base,crdnn-rnnlm
40,set_40_61-70968-0052.wav,but who is this fellow plucking at your sleeve,but who is this fellow plucking at your steeve,but who is this fellow plucking interest steve,1,2,wav2vec-ft-asr,googlesr
40,set_40_61-70968-0059.wav,it will be no disappointment to me,itll be no disappointment to me,itll be no disappointment disappointment to me,1,2,googlesr,crdnn-rnnlm
40,set_40_61-70970-0001.wav,there befell an anxious interview mistress fitzooth arguing for and against the squire is project in a breath,therebefell an anxious interview mistress fitzooth arguing for and against the squires project in a breath,will there be felon anxious interview mistress fit suits arguing for and against the squires project in the breath,1,2,wav2vec-ft-asr,googlesr
40,set_40_6829-68769-0017.wav,worse tom worse n ever replied the jailer gloomily,worst tom worceneer replied that jailer collumely,where is tom wheres the nearest replied that taylor coleman,2,1,whisper-base,googlesr
40,set_40_6829-68771-0020.wav,then she gave a little laugh and replied no miss beth i am elizabeth parsons,then she gave a little laugh and replied no miss beth i am parsons,im elizabeth parsons i am,2,1,whisper-base,googlesr
40,set_40_7127-75947-0023.wav,it is too difficult replied mademoiselle de tonnay charente laughing loudly,it is too difficult replied mademoiselle de tanichalrente laughing loudly,it is too difficult replied mademoiselle dartagnan and laughing loudly,2,1,wav2vec-ft-asr,crdnn-rnnlm
40,set_40_7127-75947-0026.wav,well said mademoiselle de tonnay charente i also think a good deal but i take care,well said mademoiselle de tonachallent i also think a good deal but i take care,well said mademoiselle detonation i also think a good deal but i take care,2,1,wav2vec-ft-asr,googlesr
40,set_40_7127-75947-0033.wav,how is it la valliere said mademoiselle de tonnay charente that the vicomte de bragelonne spoke of you as louise,how is it le valier said mademoiselle de tenichamant that the vicomte de brag alone spoke of you as louise,how is it la valliere said mademoiselle de commission that the vicomte de bragelonne spoke of you as louise,2,1,wav2vec-ft-asr,crdnn-rnnlm
40,set_40_7729-102255-0031.wav,he continued his pretended search and to give color to his errand made 2 arrests,he continued his pretended surge and to give color to his aaron made 2 arrests,he continued his pretended search and to give color to his errand made to arrest,2,1,googlesr,crdnn-rnnlm
40,set_40_8463-294825-0013.wav,for many then this book has been a source of fascination surely one of the most influential novels ever written an inspiration for such scientists and discoverers as engineer simon lake oceanographer william beebe polar traveler sir ernest shackleton,for many then this book has been a source of fascination surely one of the most influential novels ever written an inspiration for such scientists and discoverers as engineer simon lake ogenographer william b b polar traveler sir earnest shackleton,has been a source of fascination surely one of the most influential novels ever written and inspiration for such scientists and discoverers as engineers simon lake oceanographer william bb polar traveler are ernest shackleton,3,0,wav2vec-ft-asr,googlesr
40,set_40_8463-294828-0005.wav,conseil was my manservant,cosseil was my man servant,call say wheres my manservant,1,2,wav2vec-ft-asr,googlesr
40,set_40_8555-284447-0003.wav,but cap n bill made no such attempt knowing it would be useless,puccatonville made no such attempt knowing it would be useless,but capn bill made no such attempt knowing it would be useless,1,2,whisper-base,crdnn-rnnlm
40,set_40_8555-284447-0023.wav,i could not shiver much bein bound so tight but when i am loose i mean to have jus one good shiver to relieve my feelin is,but could not loose i mean to have just one good i am relieve my feelings,i could not much being bound so tight but when i i am mean to have just one good shiver to relieve my feelings,0,3,googlesr,crdnn-rnnlm
40,set_40_8555-284449-0002.wav,at the head of the pinkies were ghip ghisizzle and button bright who had the parrot on his shoulder and they were supported by captain coralie and captain tintint and rosalie the witch,who had the parrot on his shoulder and they were supported by captain cora lee and captain and rosalie the witch,at the head of the pinkies were gift ghisizzle and button bright who had the parrot on his shoulder and they were supported by captain koreli and captain tintant and rosalie the witch,1,2,googlesr,crdnn-rnnlm
40,set_40_8555-284449-0015.wav,i will not be wicked any more sighed the old boolooroo i will reform,not will not any more sighed the old boolooroo ill reform,how will not be wicked anymore by the old bluray how re,1,2,wav2vec-ft-asr,googlesr
41,set_41_1995-1826-0007.wav,find some cresswells there big plantations rated at 250000,find some creswells their big plantations rated at 2 5 0 0 0 0,find some cresswells there big plantations raided it 250000,1,2,googlesr,crdnn-rnnlm
41,set_41_2094-142345-0045.wav,0 sir do not mention it said missus poyser,0 sir do not it said missus poison,could not do not,0,3,whisper-base,googlesr
41,set_41_237-126133-0016.wav,0 no jasper i must go by my very own self,i must go by my very own self,0 no doctor i must go by my very own self,1,2,googlesr,crdnn-rnnlm
41,set_41_237-134493-0000.wav,it is 16 years since john bergson died,it is 16 years since john berks and died,it is 16 years since john burkes mother died,2,1,googlesr,crdnn-rnnlm
41,set_41_2961-960-0012.wav,many if not all the elements of the pre socratic philosophy are included in the timaeus,mini its not all the elements of the prescribed philosophy are included in the timmy is,many if not all the elements of the priestocratic philosophy are included in the timaeus,2,1,googlesr,crdnn-rnnlm
41,set_41_4446-2271-0008.wav,irene burgoyne one of her family told me in confidence that there was a romance somewhere back in the beginning,somewhere back in the beginning,irene were going one of her family told me in confidence that there was a romance somewhere back in the beginning,2,1,googlesr,crdnn-rnnlm
41,set_41_4446-2275-0008.wav,when did you come bartley and how did it happen you have not spoken a word,when to do com partly and how did it happen you have not a word,when did you come bartlett and how did it happen you have not a word,1,2,whisper-base,googlesr
41,set_41_4970-29095-0030.wav,father thee is unjust to philip he is going into business,father these unjust 0 philip hes he is business,father these are just to fill he is going into business,1,2,wav2vec-ft-asr,googlesr
41,set_41_4992-41797-0018.wav,there in the cedar hollow then lived olive lord an angry resentful little creature weighed down by a fierce sense of injury,there in the cedar hollo then lived olive lord an angry resentful little creature weighed down by a fierce sense of injury,there in the cedar hollow then lived all of lord and angry resentful little creature way down by a fierce sense of injury,2,1,wav2vec-ft-asr,googlesr
41,set_41_4992-41806-0005.wav,next came olive is turn to help in the ceremonies,next came all of stern to help in the ceremonies,next came olives turn to help in the ceremonies,3,0,whisper-base,googlesr
41,set_41_5142-33396-0052.wav,here is a ring for sif the friendly and here is a bracelet a sword would not be ashamed to hang at your side,here is a ring for sift the friendly and here is a bracelet and a would not not be ashamed to hang at your side,heres a ring for schizophrenia and here is a bracelet and a sword would not would not to hang at your side,2,1,wav2vec-ft-asr,googlesr
41,set_41_5639-40744-0006.wav,rodolfo arrived at his own house without any impediment and leocadia is parents reached theirs heart broken and despairing,rudolfo arrived at his own house without any impediment and leocadias parents reached theirs heartbroken and despairing,rodolfo arrived at his own house without any impediment elliotts parents reach theirs heartbroken and despairing,2,1,whisper-base,googlesr
41,set_41_5683-32866-0013.wav,there was a bright moonlight broken by the shadows of overhanging boughs and withered leaves and the mottled lights and shadows glided oddly across his pale features,there was a bright moonlight broken by the shadows of overhanging boughs and withered leaves and the motdled lights and shadows glided oddly across his pale features,withered leaves and the modeled lights and shadows glided oddly across his pale features,2,1,wav2vec-ft-asr,googlesr
41,set_41_61-70970-0015.wav,will cried he softly and stuteley who had chosen his couch across the door of his young master is chamber sprang up at once in answer,will cried he softly and stutley who had chosen his couch across the door of his young masters chamber sprang up at once in answer,will christy and studly who it shows in his couch across the door of his young masters chamber sprang up at once and answer,2,1,wav2vec-ft-asr,googlesr
41,set_41_6829-68769-0018.wav,miss de graf said kenneth noticing the boy is face critically as he stood where the light from the passage fell upon it,mister graf said kenneth noticing the boys face critically as he stood where the light from the passage fell upon it,set kenneth noticing the boys face critically as he stood where the light from the passage fell upon it,1,2,whisper-base,googlesr
41,set_41_7127-75947-0027.wav,to say nothing said montalais so that when mademoiselle de tonnay charente thinks athenais is the only one who knows it,to say nothing said montele so that when madmousel de tonechearaunt thinks athenae is the only one who knows it,to say nothing said montalais so that when mademoiselle de tournay her aunt thinks athenae is the only one who knows it,2,1,whisper-base,crdnn-rnnlm
41,set_41_7127-75947-0033.wav,how is it la valliere said mademoiselle de tonnay charente that the vicomte de bragelonne spoke of you as louise,how is it le valier said mademoiselle de tenichamant that the vicomte de brag alone spoke of you as louise,how is it lavalier said mademoiselle detention on that the vehicle loans spoke of you as louise,0,3,wav2vec-ft-asr,googlesr
41,set_41_8463-294825-0013.wav,for many then this book has been a source of fascination surely one of the most influential novels ever written an inspiration for such scientists and discoverers as engineer simon lake oceanographer william beebe polar traveler sir ernest shackleton,for many then this book has been a source of fascination surely one of the most influential novels ever written an inspiration for such scientists and discoverers as engineer simon lake oceanographer william bb polar travelers or ernest shackleton,has been a source of fascination surely one of the most influential novels ever written and inspiration for such scientists and discoverers as engineers simon lake oceanographer william bb polar traveler are ernest shackleton,2,1,whisper-base,googlesr
41,set_41_8463-294828-0005.wav,conseil was my manservant,casse was my man servant,call say wheres my manservant,1,2,whisper-base,googlesr
41,set_41_8555-284447-0003.wav,but cap n bill made no such attempt knowing it would be useless,put cotton belt made no such attempt knowing it would be useless,but capn bill made no such attempt knowing it would be useless,0,3,googlesr,crdnn-rnnlm
42,set_42_121-127105-0021.wav,will not you tell douglas,will not tell doug,will not tell douglas,1,2,googlesr,wav2vec-ft-asr
42,set_42_1580-141084-0003.wav,no names please said holmes as we knocked at gilchrist is door,no names please said holmes as we knocked at gilkers door,no names please sit holmes as we knocked at gilchrist door,2,1,wav2vec-ft-asr,googlesr
42,set_42_1995-1826-0023.wav,goobers do not grow on the tops of vines but underground on the roots like yams is that so,google do not on the tops of vines but on the ground on the roots like yams is that so,jewels do not on the tops of vases but on the ground on the roots like yams isnt that so,1,2,googlesr,crdnn-rnnlm
42,set_42_237-134493-0000.wav,it is 16 years since john bergson died,it is 16 years since john berks and died,it is 16 years since john burgson died,0,3,googlesr,wav2vec-ft-asr
42,set_42_237-134500-0014.wav,and emil mowed his way slowly down toward the cherry trees,add email mode his way slowly down toward the cherry trees,and amiel mowed his way slowly down towards the cherry trees,2,1,googlesr,crdnn-rnnlm
42,set_42_260-123286-0027.wav,i can distinguish the eye of the ichthyosaurus glowing like a red hot coal and as large as a man is head,i can distinguish the eye of the icthiasurus glowing like a red hot co and as large as a mans head,i can distinguish the eye of iphiosaurus glowing like a red hot coal and as large as a mans head,2,1,wav2vec-ft-asr,crdnn-rnnlm
42,set_42_2830-3980-0022.wav,the clause seems superfluous on 1st sight,the claw seems supervervalous on 1st sight,the claws seemed superfluous on 1st sight,0,3,whisper-base,wav2vec-ft-asr
42,set_42_4446-2271-0010.wav,he is another who is awfully keen about her let me introduce you,he is whos awfully keen about her let me introduce you,he is introduce you,3,0,wav2vec-ft-asr,googlesr
42,set_42_4446-2271-0013.wav,do you know i thought the dance a bit conscious to night for the 1st time,you know i thought the dance a bit conscious tonight for the 1st time,you know i thought the dance ha be conscience to night for the 1st time,1,2,whisper-base,wav2vec-ft-asr
42,set_42_4970-29095-0036.wav,has thee consulted thy mother about a career i suppose it is a career thee wants,has dee consulted my mother about a career i suppose it is a career he wants,has thee consulted thy mother about a career i suppose it is a career of thee wants,1,2,whisper-base,wav2vec-ft-asr
42,set_42_5142-33396-0018.wav,my dragon is belly is never full and on board went the gold,my dragons belly is never full and im bored with the gold,my dragons belly is never full and on board went the gold,1,2,googlesr,crdnn-rnnlm
42,set_42_5683-32866-0008.wav,bracton is a very good fellow i can assure you,proctins a very good fellow i can assure you,brockton is a very good fellow i can assure you,0,3,whisper-base,googlesr
42,set_42_6829-68771-0021.wav,but it can not be protested the girl,but it cant be protested the,but it cant be protested the girl,1,2,googlesr,crdnn-rnnlm
42,set_42_6930-81414-0012.wav,said another voice which i recognized as voltaire is kaffar,said another voice which i recognized as voltaires kaffir,set another voice which i recognized as vultures kaffir,2,1,wav2vec-ft-asr,googlesr
42,set_42_7127-75947-0033.wav,how is it la valliere said mademoiselle de tonnay charente that the vicomte de bragelonne spoke of you as louise,how is it lavalier said mademoiselle detention on that the vehicle loans spoke of you as louise,how is it le valier said mademoiselle de tenichamant that the vicomte de brag alone spoke of you as louise,0,3,googlesr,wav2vec-ft-asr
42,set_42_7176-92135-0015.wav,and so on till you get to the end when ophelia might say ah yes or something non committal of that sort,and so on till you get to the end one of william might say ah yes or something noncommittal of that sort,and so on until you get to the end when ophelia might say yes or something noncommittal of that sort,1,2,whisper-base,googlesr
42,set_42_8455-210777-0046.wav,you may be quite sure it is there said captain battleaxe and that i can so use it as to half obliterate your town within 2 minutes of my return on board,you may be quite sure it is so you can use it as to half obliterate your town within 2 minutes of my return on board,you may be quite sure it is said captain baddle ax and that i can so use it as to half obliterate your town within 2 minutes of my return on board,1,2,whisper-base,wav2vec-ft-asr
42,set_42_8555-284447-0003.wav,but cap n bill made no such attempt knowing it would be useless,puccatonville made no such attempt knowing it would be useless,but capn bill made no such attempt knowing it would be useless,1,2,whisper-base,wav2vec-ft-asr
42,set_42_8555-292519-0003.wav,in a sunset glowing of crimson and gold she lies the glory of the world a beached king is galley whose sails are furled who is hung with tapestries rich and old,in a sunset glowing of crimson and gold she lies the glory of the world a beached kings galley who sells or who is hung with tapestries rich and old,in a sun set glowing of crimson and gold she lies the glory of the world a beached kings galley whose sails are furled who was hung with tapestries rich and old,2,1,googlesr,crdnn-rnnlm
42,set_42_908-31957-0022.wav,then i long tried by natural ills received the comfort fast while budding at thy sight my pilgrim is staff gave out green leaves with morning dews impearled,then i long tried by natural ills received the comfort fast while budding at thy sight my pilgrims staff gave out green leaves with morning dews impearled,my pilgrims staff gave out green leaves with morning dues in pearls,3,0,wav2vec-ft-asr,googlesr
43,set_43_1580-141083-0030.wav,mister soames was somewhat overwhelmed by this flood of information,mister soms was somewhat overwhelmed by this flood of information,could not understand audio,3,0,whisper-base,googlesr
43,set_43_1580-141083-0043.wav,the top floor belongs to miles mc laren,the top floor belongs to mi mclaren,the top floor belongs to miles mc claren,0,3,googlesr,crdnn-rnnlm
43,set_43_1995-1837-0022.wav,up in the sick room zora lay on the little white bed,up in the sick rooms or a lay on the little white bed,open the sick room zora lay on the little white bed,1,2,whisper-base,googlesr
43,set_43_2094-142345-0019.wav,comb the wool for the whittaws indeed,comb the wool for the whitaws indeed,come the wool for the widows indeed,2,1,wav2vec-ft-asr,googlesr
43,set_43_237-126133-0008.wav,asked phronsie with her little face close to polly is own,ask frenzy with her little face close to pollys on,asked phronsie with her little face close to pollys own,0,3,googlesr,crdnn-rnnlm
43,set_43_4446-2273-0006.wav,they are all sketches made about the villa d este you see,they are all sketches made about the valdosta you see,they are all sketches made about the villa deste you see,0,3,googlesr,crdnn-rnnlm
43,set_43_4970-29093-0020.wav,why it is in missouri somewhere on the frontier i think we will get a map,why it is missouri somewhere on the front here i think well get a map,brighton it is on the frontier i think well get a map,3,0,whisper-base,googlesr
43,set_43_4992-41806-0011.wav,mother carey poured coffee nancy chocolate and the others helped serve the sandwiches and cake doughnuts and tarts,mothercarrieport coffee nancy chocolate and the others help serve the sandwiches and cake donuts and tarts,mother carrey poured coffee nancy chocolate and the other selfserve the sandwiches and cake donuts and tarts,1,2,whisper-base,googlesr
43,set_43_61-70970-0001.wav,there befell an anxious interview mistress fitzooth arguing for and against the squire is project in a breath,there be fell an anxious interview mistress fitzhouth arguing for and against the squires project in a breath,will there be felon anxious interview mistress fit suits arguing for and against the squires project in the breath,2,1,whisper-base,googlesr
43,set_43_672-122797-0039.wav,i will not tremble to morrow thought the fir tree,i will not to morrow thought the fir tree,i will not tomorrow,3,0,wav2vec-ft-asr,googlesr
43,set_43_6930-81414-0016.wav,but that is kaffar is knife,but that is caspers knife,but that is kaffirs knife,0,3,googlesr,crdnn-rnnlm
43,set_43_7127-75947-0023.wav,it is too difficult replied mademoiselle de tonnay charente laughing loudly,it is too difficult replied mademoiselle on laughing loudly,it is too difficult replied mademoiselle dartagnan and laughing loudly,1,2,googlesr,crdnn-rnnlm
43,set_43_7127-75947-0033.wav,how is it la valliere said mademoiselle de tonnay charente that the vicomte de bragelonne spoke of you as louise,how is it lavalier said mademoiselle detention on that the vehicle loans spoke of you as louise,how is it la valliere said mademoiselle de commission that the vicomte de bragelonne spoke of you as louise,1,2,googlesr,crdnn-rnnlm
43,set_43_7176-92135-0019.wav,i want 99 hal lo,i want 99 hello,i want 99 pillow,2,1,googlesr,crdnn-rnnlm
43,set_43_7176-92135-0020.wav,9923 elsinore 99 yes hallo is that you horatio hamlet speaking,99 to 3 elzinor double not yes hello is that you horatio hamlet speaking,9923 elizabeth the double knot yes hello is that you horatio hamlet speaking,2,1,wav2vec-ft-asr,crdnn-rnnlm
43,set_43_8463-294825-0006.wav,his specifications for an open sea submarine and a self contained diving suit were decades before their time yet modern technology bears them out triumphantly,is specifications for an open sea submarine and a selfcontained diving suit or decades before their time yet modern technology where is the mount triumphantly,his specifications for an open sea submarine and a self containing diving suit were decades before their time yet modern technology bears them out triumphantly,0,3,googlesr,crdnn-rnnlm
43,set_43_8463-294825-0015.wav,gram roughly 128th of an ounce,graham roughly 128th of an ounce,graham ruffly 128 of an ounce,2,1,whisper-base,googlesr
43,set_43_8555-284447-0001.wav,hold him fast my men and as soon as i have had my coffee and oatmeal i will take him to the room of the great knife and patch him,hold him fast im in and as soon as i have had my coffee and oatmeal ill take him to the room of the great knife and patch him,hold him fast my man and as soon as i have my coffee innocent ill take him to the room of the great knife and patch him,2,1,googlesr,crdnn-rnnlm
43,set_43_8555-284449-0015.wav,i will not be wicked any more sighed the old boolooroo i will reform,ill will not wicked anymore side the old booleroo ill reform,not will not any more sighed the old boolooroo ill reform,1,2,whisper-base,wav2vec-ft-asr
43,set_43_908-157963-0014.wav,descend 0 little cloud and hover before the eyes of thel,descend a little cloud and hover before the eyes of thel,does send a little cloud and hover before the eyes of fell,2,1,whisper-base,googlesr
44,set_44_2094-142345-0034.wav,and there is linen in the house as i could well spare you for i have got lots 0 sheeting and table clothing and toweling as is not made up,i got lots of sheeting and table clothing and toweling isnt made up i have is not,and theres linen in the house as i could well spare you for i i have of sheeting and table clothing and towings isnt made up is not,1,2,googlesr,crdnn-rnnlm
44,set_44_237-126133-0016.wav,0 no jasper i must go by my very own self,0 no japsor im a scoped by my very own self,i must go by my very own self,1,2,whisper-base,googlesr
44,set_44_237-134493-0000.wav,it is 16 years since john bergson died,it is 16 years since john burgson died,it is 16 years since john berks and died,3,0,wav2vec-ft-asr,googlesr
44,set_44_237-134500-0028.wav,i am sure alexandra hopes you will stay on here she murmured,i am alexander helps you will stay on here she murmured,i am sure alexandera hopes you will stay on here she murmured,2,1,whisper-base,wav2vec-ft-asr
44,set_44_2830-3980-0022.wav,the clause seems superfluous on 1st sight,the claw seems supervervalous on 1st sight,the clause seemed superfluous on 1st sight,1,2,whisper-base,crdnn-rnnlm
44,set_44_3729-6852-0027.wav,that is true badauderie,that is true bad dealt gray,that is true by deathly,2,1,whisper-base,googlesr
44,set_44_4446-2275-0008.wav,when did you come bartley and how did it happen you have not spoken a word,when to do com partly and how did it happen you have not a word,when did you come bartley and how did it happen you have not a word,1,2,whisper-base,wav2vec-ft-asr
44,set_44_4970-29093-0020.wav,why it is in missouri somewhere on the frontier i think we will get a map,brighton it is on the frontier i think well get a map,why it is miseries somewhere on the frontier i think well get a map,1,2,googlesr,crdnn-rnnlm
44,set_44_4992-41797-0003.wav,mister popham laid down his brush,mister popham lay down his brush,mister popum laid down his brush,2,1,whisper-base,wav2vec-ft-asr
44,set_44_4992-41806-0005.wav,next came olive is turn to help in the ceremonies,next came all of stern to help in the ceremonies,next came olives turn to help in the ceremonies,1,2,whisper-base,crdnn-rnnlm
44,set_44_5142-33396-0000.wav,at another time harald asked,at another time harold asked,add another time herald,3,0,whisper-base,googlesr
44,set_44_5683-32866-0024.wav,i sha not trouble you about my train of thoughts or fancies but i began to feel very like a gentleman in a ghost story watching experimentally in a haunted chamber,but i began to feel very like a gentleman and a ghost story watching experimentally in a haunted chamber,i shant trouble you about my train of thoughts or fancies but i began to feel very like a gentleman in a ghost story watching experimentally in a haunted chamber,1,2,googlesr,wav2vec-ft-asr
44,set_44_61-70970-0001.wav,there befell an anxious interview mistress fitzooth arguing for and against the squire is project in a breath,will there be felon anxious interview mistress fit suits arguing for and against the squires project in the breath,therebefell an anxious interview mistress fitzooth arguing for and against the squires project in a breath,0,3,googlesr,wav2vec-ft-asr
44,set_44_7021-85628-0021.wav,he still held on to it with both hands as he rushed into his mother is cottage,he still held on to it with both hands as he rushed into his mothers cottage,he still held on to it with both hands as he rushed into his mothers cottagers cottage,1,2,googlesr,crdnn-rnnlm
44,set_44_7176-92135-0020.wav,9923 elsinore 99 yes hallo is that you horatio hamlet speaking,double 923 elsinore double knot yes hello is that you horacio handler speaking,9923 elizabeth the double knot yes hello is that you horatio hamlet speaking,1,2,googlesr,crdnn-rnnlm
44,set_44_7176-92135-0035.wav,then lord tuppeny well what about auction,what about auction,then lord tuppenny well what about auction,1,2,googlesr,crdnn-rnnlm
44,set_44_8463-294825-0017.wav,liter roughly one quart,later roughly one quart,leader roughly on court,1,2,whisper-base,wav2vec-ft-asr
44,set_44_8555-284447-0002.wav,i would not mind a cup 0 coffee myself said cap n bill i have had consid ble exercise this mornin and i am all ready for breakfas,i would not a cup of coffee myself said canbill ive had considerable i have mornin and im al ready for breakfast i am,i would not a cup of coffee myself ive had considerable exercise this i have im already for breakfast i am,1,2,wav2vec-ft-asr,googlesr
44,set_44_8555-284449-0006.wav,do not worry sizzle dear it will all come right pretty soon,do not cisil dear it all come right pretty soon,do not sizzle dear itll all come right pretty soon,2,1,wav2vec-ft-asr,googlesr
44,set_44_908-31957-0022.wav,then i long tried by natural ills received the comfort fast while budding at thy sight my pilgrim is staff gave out green leaves with morning dews impearled,then i long tried by natural ills received the comfort fast while budding at thy sight my pilgrims staff gave out green leaves with morning dews impearled,my pilgrims staff gave out green leaves with morning dues in pearls,1,2,wav2vec-ft-asr,googlesr
45,set_45_1284-1180-0015.wav,we are traveling replied ojo and we stopped at your house just to rest and refresh ourselves,we are traveling replied ojo and we stopp at your house just to rest and refresh ourselves,we are reply to joe and we stopped at your house just to rest and refresh ourselves,3,0,wav2vec-ft-asr,googlesr
45,set_45_1580-141083-0021.wav,there is no opening except the one pane said our learned guide,there is no opening except the one pain said our learned guide,there is no opening except the one pain center learned guide,2,1,wav2vec-ft-asr,googlesr
45,set_45_1995-1826-0007.wav,find some cresswells there big plantations rated at 250000,find some crus wells there big plantations rated at 250000,find some creswells their big plantations rated at 2 5 0 0 0 0,3,0,wav2vec-ft-asr,googlesr
45,set_45_1995-1826-0023.wav,goobers do not grow on the tops of vines but underground on the roots like yams is that so,google do not on the tops of vines but underground on the roots like yams is that so,jewels do not on the tops of vases but on the ground on the roots like yams isnt that so,1,2,googlesr,crdnn-rnnlm
45,set_45_1995-1837-0007.wav,then of a sudden at midday the sun shot out hot and still no breath of air stirred the sky was like blue steel the earth steamed,then it was sudden that midday the sun shot out hot and still no breath of air stirred this guy was like blue steel the earth steamed,9 of a sudden at midday the sun shot out hot and still no breath of air stirred the sky was like blue steel the earth steam,1,2,whisper-base,googlesr
45,set_45_2094-142345-0034.wav,and there is linen in the house as i could well spare you for i have got lots 0 sheeting and table clothing and toweling as is not made up,and theres linen in the house as i could well spare you for i i have of sheeting and table clothing and towling as isnt made is not,i got lots of sheeting and table clothing and toweling isnt made up i have is not,2,1,wav2vec-ft-asr,googlesr
45,set_45_237-134500-0014.wav,and emil mowed his way slowly down toward the cherry trees,and amiel mowed his way slowly down toward the cherry trees,add email mode his way slowly down toward the cherry trees,2,1,wav2vec-ft-asr,googlesr
45,set_45_260-123286-0007.wav,he called this sea a pond and our long voyage taking a little sail,he called this sea upon and our long voyage taking a little sail,he called the sia pawn and i lost voice taking a little sale,2,1,wav2vec-ft-asr,googlesr
45,set_45_260-123286-0030.wav,suddenly the ichthyosaurus and the plesiosaurus disappear below leaving a whirlpool eddying in the water,suddenly the ictiasaurus and the plessiosaurus disappear below leaving a warpole edding in the water,suddenly the ichthyosaurus and the plesiosaurus disappear below leaving a whirlpool editing in the water,2,1,whisper-base,googlesr
45,set_45_3729-6852-0043.wav,i reside in the marais rue de douze portes,i reside in the mara grue de dusport,i reside in the maverick groudon sport,2,1,wav2vec-ft-asr,googlesr
45,set_45_4992-41797-0018.wav,there in the cedar hollow then lived olive lord an angry resentful little creature weighed down by a fierce sense of injury,there in the cedar hollow then lived all of lord and angry resentful little creature way down by a fierce sense of injury,there in the cedar hollo then lived olive lord an angry resentful little creature weighed down by a fierce sense of injury,2,1,googlesr,wav2vec-ft-asr
45,set_45_4992-41806-0017.wav,we shut our eyes the flowers bloom on we murmur but the corn ears fill we choose the shadow but the sun that casts it shines behind us still,we shut our eyes the flowers bloom on we murmur but the corn ears fill we choose the shadow but the sun that cast it shines behind us still,we shut our eyes the flowers bloom on remember but the corners phil we choose the shadow but the sun that casted shines behind us still,2,1,wav2vec-ft-asr,googlesr
45,set_45_5142-36377-0011.wav,mister jago is an american philip,is diego is an american phil,this diogo is an american philip,2,1,googlesr,crdnn-rnnlm
45,set_45_61-70970-0015.wav,will cried he softly and stuteley who had chosen his couch across the door of his young master is chamber sprang up at once in answer,will christy and studly who it shows in his couch across the door of his young masters chamber sprang up at once and answer,will cried he softly and stuteley who had chosen his couch across the door of his young masters chamber sprang up at once in answer,3,0,googlesr,crdnn-rnnlm
45,set_45_6829-68771-0020.wav,then she gave a little laugh and replied no miss beth i am elizabeth parsons,then she gave a little laugh and replied no miss beth i am parsons,im elizabeth parsons i am,2,1,wav2vec-ft-asr,googlesr
45,set_45_7127-75947-0021.wav,la valliere is quite a poetess said tonnay charente,lavalier is quite a poetess said tone charent,la valliere is quite a poetess said tony charlotte,0,3,wav2vec-ft-asr,crdnn-rnnlm
45,set_45_7176-92135-0041.wav,re enter butler and 3 footmen who remove the tea things hostess to guest,reinter butler and 3 footmen who removed the tea things hostess 2 guests,reenter butler and 3 ft men who removed the tea things hostess to,3,0,wav2vec-ft-asr,googlesr
45,set_45_8455-210777-0046.wav,you may be quite sure it is there said captain battleaxe and that i can so use it as to half obliterate your town within 2 minutes of my return on board,you may be quite sure it is so you can use it as to half obliterate your town within 2 minutes of my return on board,you may be quite sure it is said captain baddle ax and that i can so use it as to half obliterate your town within 2 minutes of my return on board,1,2,whisper-base,wav2vec-ft-asr
45,set_45_8463-294825-0015.wav,gram roughly 128th of an ounce,graham ruffly 128 of an ounce,graham roughly 128th of an ounce,0,3,googlesr,crdnn-rnnlm
45,set_45_8555-284449-0015.wav,i will not be wicked any more sighed the old boolooroo i will reform,ill will not wicked anymore side the old booleroo ill reform,how will not be wicked anymore by the old bluray how re,2,1,whisper-base,googlesr
46,set_46_121-127105-0021.wav,will not you tell douglas,will not tell douglas,will not tell doug,2,1,whisper-base,googlesr
46,set_46_1284-1180-0023.wav,you see i have lived all my life with unc nunkie the silent one and there was no one to tell me anything,you see i have all my life with unc nunkie the silent one and there was no one to tell me anything,uci ive i have my life without monkey the silent one and there was no one to tell me anything,3,0,wav2vec-ft-asr,googlesr
46,set_46_1995-1826-0007.wav,find some cresswells there big plantations rated at 250000,find some creswells their big plantations rated at 2 5 0 0 0 0,find some cresswells there big plantations raided it 250000,2,1,googlesr,crdnn-rnnlm
46,set_46_1995-1826-0023.wav,goobers do not grow on the tops of vines but underground on the roots like yams is that so,goobles do not on the tops of vans but on the ground on the roots like yaums is that so,jewels do not on the tops of vases but on the ground on the roots like yams isnt that so,2,1,wav2vec-ft-asr,crdnn-rnnlm
46,set_46_2961-961-0003.wav,i will if timaeus approves i approve,i will if to me as approves i approve,i will give to me is approves i approve,3,0,wav2vec-ft-asr,googlesr
46,set_46_3729-6852-0027.wav,that is true badauderie,that is true badeltgree,that is true by deathly,2,1,wav2vec-ft-asr,googlesr
46,set_46_4970-29095-0030.wav,father thee is unjust to philip he is going into business,father these are just to fill he is going into business,father hes unjust to philip hes he is business,1,2,googlesr,crdnn-rnnlm
46,set_46_5142-36377-0011.wav,mister jago is an american philip,this jago is an american philip,mister yago is an american philip,2,1,whisper-base,wav2vec-ft-asr
46,set_46_5683-32865-0016.wav,0 i know that is lorne brandon,0 i know thats lauren brandon,0 i know thats lorn brandon,2,1,googlesr,crdnn-rnnlm
46,set_46_61-70970-0026.wav,fitzooth is hand rested at last upon the top rung of a ladder and slowly the truth came to him,fitzeuths hand rested at last upon the top rung of a ladder and slowly the truth came to him,5010 arrested at last upon the top rung of a ladder and slowly the truth came to him,3,0,whisper-base,googlesr
46,set_46_6829-68769-0017.wav,worse tom worse n ever replied the jailer gloomily,worst tom worceneer replied that jailer collumely,worse tom worse than ever replied the jailer gloomily,0,3,whisper-base,wav2vec-ft-asr
46,set_46_6829-68771-0021.wav,but it can not be protested the girl,but it cant be protested the,but it cant be protested the girl,1,2,googlesr,wav2vec-ft-asr
46,set_46_7127-75947-0021.wav,la valliere is quite a poetess said tonnay charente,lavalier is quite a poetess said tone charent,the valley is quite a poetess said tony shalom,2,1,wav2vec-ft-asr,googlesr
46,set_46_7127-75947-0027.wav,to say nothing said montalais so that when mademoiselle de tonnay charente thinks athenais is the only one who knows it,is the only one who knows it,to say nothing said montalais so that when mademoiselle de tonacherant thinks ethena is the only one who knows it,0,3,googlesr,wav2vec-ft-asr
46,set_46_8463-294825-0006.wav,his specifications for an open sea submarine and a self contained diving suit were decades before their time yet modern technology bears them out triumphantly,his specifications for an open sea submarine and a self containing diving suit were decades before their time yet modern technology bears them out triumphantly,is specifications for an open sea submarine and a selfcontained diving suit or decades before their time yet modern technology where is the mount triumphantly,3,0,wav2vec-ft-asr,googlesr
46,set_46_8463-294825-0015.wav,gram roughly 128th of an ounce,graham roughly 128th of an ounce,graham ruffly 128 of an ounce,2,1,wav2vec-ft-asr,googlesr
46,set_46_8463-294825-0017.wav,liter roughly one quart,leader roughly on court,leader roughly one quart,2,1,wav2vec-ft-asr,googlesr
46,set_46_8463-294828-0034.wav,we will be quite comfortable here i told conseil,will be quite comfortable here i told conseil,will be quite comfortable here i told him say,3,0,wav2vec-ft-asr,googlesr
46,set_46_8555-284447-0003.wav,but cap n bill made no such attempt knowing it would be useless,but capn bill made no such attempt knowing it would be useless,put cotton belt made no such attempt knowing it would be useless,2,1,wav2vec-ft-asr,googlesr
46,set_46_8555-284449-0015.wav,i will not be wicked any more sighed the old boolooroo i will reform,not will not any more sighed the old boolooroo ill reform,how will not be wicked anymore by the old bluray how re,2,1,wav2vec-ft-asr,googlesr
47,set_47_1284-1180-0015.wav,we are traveling replied ojo and we stopped at your house just to rest and refresh ourselves,we are reply to joe and we stopped at your house just to rest and refresh ourselves,we are traveling replied ojo and we stopp at your house just to rest and refresh ourselves,3,0,googlesr,wav2vec-ft-asr
47,set_47_1580-141084-0003.wav,no names please said holmes as we knocked at gilchrist is door,no names please sit holmes as we knocked at gilchrist door,no names please said holmes as we knocked at gilkers door,3,0,googlesr,wav2vec-ft-asr
47,set_47_3729-6852-0027.wav,that is true badauderie,that is true by deathly,that is true middle degree,3,0,googlesr,crdnn-rnnlm
47,set_47_4446-2271-0008.wav,irene burgoyne one of her family told me in confidence that there was a romance somewhere back in the beginning,irene were going one of her family told me in confidence that there was a romance somewhere back in the beginning,somewhere back in the beginning,3,0,whisper-base,googlesr
47,set_47_4446-2271-0013.wav,do you know i thought the dance a bit conscious to night for the 1st time,you know i thought the dance ha be conscience to night for the 1st time,for the 1st time,2,1,wav2vec-ft-asr,googlesr
47,set_47_4992-41797-0019.wav,olive is mournful black eyes met nancy is sparkling brown ones,all of his mournful black eyes meant nancys sparkling brown ones,olives mournful black eyes met nancys sparkling brown ones,2,1,whisper-base,wav2vec-ft-asr
47,set_47_4992-41806-0011.wav,mother carey poured coffee nancy chocolate and the others helped serve the sandwiches and cake doughnuts and tarts,mothercarrieport coffee nancy chocolate and the others help serve the sandwiches and cake donuts and tarts,mother carrey poured coffee nancy chocolate and the other selfserve the sandwiches and cake donuts and tarts,2,1,whisper-base,googlesr
47,set_47_5142-33396-0000.wav,at another time harald asked,at another time harold asked,add another time herald,3,0,wav2vec-ft-asr,googlesr
47,set_47_5142-36377-0000.wav,it was one of the masterly and charming stories of dumas the elder,charming stories of jamal the elder,it was one of the masterly and charming stories of demon the elder,2,1,googlesr,crdnn-rnnlm
47,set_47_5683-32866-0002.wav,but do not these very wise things sometimes turn out very foolishly,but do not very wise things sometimes turn out very foolishly,sometimes do not very foolishly,3,0,whisper-base,googlesr
47,set_47_5683-32866-0024.wav,i sha not trouble you about my train of thoughts or fancies but i began to feel very like a gentleman in a ghost story watching experimentally in a haunted chamber,i shant trouble you about my train of thoughts or fancies but i began to feel very like a gentleman in a ghost story watching experimentally in a haunted chamber,but i began to feel very like a gentleman and a ghost story watching experimentally in a haunted chamber,3,0,wav2vec-ft-asr,googlesr
47,set_47_61-70968-0052.wav,but who is this fellow plucking at your sleeve,but who is this fellow plucking interest steve,but who is this fellow plucking at her sleeve,1,2,googlesr,crdnn-rnnlm
47,set_47_61-70970-0004.wav,but take it whilst i live and wear montfichet is shield in the days when my eyes can be rejoiced by so brave a sight for you will ne er disgrace our scutcheon i warrant me,but take it whilst i live and where montfichets shield in the days when my eyes can be rejoiced by so brave a sight for you will never disgrace our tuchend i warrant me,but take it will i live and where monthly shays shield in the days when my eyes can be rejoiced by so brave of sight for you will never disgrace our dutch and i werent me,3,0,wav2vec-ft-asr,googlesr
47,set_47_6829-68769-0009.wav,they were received in the little office by a man named markham who was the jailer,they received in the little office by a man named markham who was the jail,they were received in the little office by a man named markam who was the jailer,1,2,googlesr,wav2vec-ft-asr
47,set_47_6829-68769-0012.wav,0 say that is different observed markham altering his demeanor,0 say thats different observed markham altering as demeter,ill say thats different observed markham altering his demeanor,1,2,googlesr,crdnn-rnnlm
47,set_47_6930-81414-0016.wav,but that is kaffar is knife,but that is caspers knife,but that is kaffirs knife,1,2,googlesr,crdnn-rnnlm
47,set_47_8455-210777-0026.wav,and the death of which i dreamt could not alas,on the death of which i dreamed could not alas,and the death of which i drink could not alas,2,1,googlesr,crdnn-rnnlm
47,set_47_8463-294825-0015.wav,gram roughly 128th of an ounce,graham ruffly 128 of an ounce,graham roughly 128th of an ounce,2,1,googlesr,wav2vec-ft-asr
47,set_47_8463-294828-0034.wav,we will be quite comfortable here i told conseil,will be quite comfortable here i told conseil,will be quite comfortable here i told him say,2,1,wav2vec-ft-asr,googlesr
47,set_47_8555-284447-0002.wav,i would not mind a cup 0 coffee myself said cap n bill i have had consid ble exercise this mornin and i am all ready for breakfas,i would not a cup of coffee myself said canbill ive had considerable i have mornin and im al ready for breakfast i am,i would not a cup of coffee myself ive had considerable exercise this i have im already for breakfast i am,3,0,wav2vec-ft-asr,googlesr
48,set_48_1580-141083-0030.wav,mister soames was somewhat overwhelmed by this flood of information,could not understand audio,mister psalms was somewhat overwhelmed by this flood of information,1,2,googlesr,wav2vec-ft-asr
48,set_48_1995-1826-0023.wav,goobers do not grow on the tops of vines but underground on the roots like yams is that so,goobles do not on the tops of vans but on the ground on the roots like yaums is that so,jewels do not on the tops of vases but on the ground on the roots like yams isnt that so,2,1,wav2vec-ft-asr,crdnn-rnnlm
48,set_48_1995-1836-0008.wav,i believe in the training of people to their highest capacity the englishman here heartily seconded him,i believe in the training of people to their has capacity the englishmen here heartily suconded him,i believe in the training of people to the highest capacity the englishman hear heartily seconded him,1,2,wav2vec-ft-asr,googlesr
48,set_48_2094-142345-0024.wav,munny my iron is twite told pease put it down to warm,money mirons twite told beese put it down to worm,money my irons tight told please put it down to warm,1,2,wav2vec-ft-asr,googlesr
48,set_48_2094-142345-0058.wav,by the by i have never seen your dairy i must see your dairy missus poyser,by the bye i have seen your dairy i must see your dairy missus poyser,byebye ive never i have diary am i see your dairy missus poyser,2,1,wav2vec-ft-asr,googlesr
48,set_48_237-134500-0021.wav,0 ever so much only he seems kind of staid and school teachery,0 other so much only he seems kind of stayed in school teacher,0 ever so much only he seems kind of stayat and school teachery,0,3,googlesr,wav2vec-ft-asr
48,set_48_237-134500-0028.wav,i am sure alexandra hopes you will stay on here she murmured,i am alexandra helps you will stay on here she murmured,i am sure alexandera hopes you will stay on here she murmured,1,2,googlesr,wav2vec-ft-asr
48,set_48_4970-29093-0020.wav,why it is in missouri somewhere on the frontier i think we will get a map,why it is missouri somewhere on the frontier i think well get a map,why it is miseries somewhere on the frontier i think well get a map,3,0,wav2vec-ft-asr,crdnn-rnnlm
48,set_48_5142-33396-0000.wav,at another time harald asked,at another time harold asked,add another time herald,2,1,wav2vec-ft-asr,googlesr
48,set_48_5683-32865-0016.wav,0 i know that is lorne brandon,0 i know thats lorn brandon,0 i know thats lauren brandon,1,2,wav2vec-ft-asr,googlesr
48,set_48_5683-32866-0013.wav,there was a bright moonlight broken by the shadows of overhanging boughs and withered leaves and the mottled lights and shadows glided oddly across his pale features,there was a bright moonlight broken by the shadows of overhanging boughs and withered leaves and the motdled lights and shadows glided oddly across his pale features,withered leaves and the modeled lights and shadows glided oddly across his pale features,2,1,wav2vec-ft-asr,googlesr
48,set_48_61-70970-0034.wav,nay nay lording answered warrenton with a half laugh,nay nay lording answered warrant and with a half laugh,nae nae lording answered warrenton with a half laugh,2,1,whisper-base,googlesr
48,set_48_6829-68769-0018.wav,miss de graf said kenneth noticing the boy is face critically as he stood where the light from the passage fell upon it,miss de graf said kenneth noticing the boys face critically as he stood where the light from the passage fell upon it,set kenneth noticing the boys face critically as he stood where the light from the passage fell upon it,2,1,wav2vec-ft-asr,googlesr
48,set_48_6930-76324-0010.wav,what in the world is that queried joyce,what in the world is it query choice,what in the world is it queried joyce,0,3,whisper-base,wav2vec-ft-asr
48,set_48_7127-75947-0026.wav,well said mademoiselle de tonnay charente i also think a good deal but i take care,well said mademoiselle de tonachallent i also think a good deal but i take care,well said mademoiselle dartagnan didnt i also think a good deal but i take care,2,1,wav2vec-ft-asr,crdnn-rnnlm
48,set_48_7127-75947-0027.wav,to say nothing said montalais so that when mademoiselle de tonnay charente thinks athenais is the only one who knows it,to say nothing said montele so that when madmousel de tonechearaunt thinks athenae is the only one who knows it,is the only one who knows it,2,1,whisper-base,googlesr
48,set_48_7127-75947-0033.wav,how is it la valliere said mademoiselle de tonnay charente that the vicomte de bragelonne spoke of you as louise,how is it le valier said mademoiselle de tenichamant that the vicomte de brag alone spoke of you as louise,how is it lavalier said mademoiselle detention on that the vehicle loans spoke of you as louise,2,1,wav2vec-ft-asr,googlesr
48,set_48_8555-284447-0001.wav,hold him fast my men and as soon as i have had my coffee and oatmeal i will take him to the room of the great knife and patch him,hold him fast to my man and as soon i have had my coffee in oatmeal ill take him to the room of the great knife and pat him,hold him fast im in and as soon as i have had my coffee and oatmeal ill take him to the room of the great knife and patch him,3,0,whisper-base,googlesr
48,set_48_8555-284449-0006.wav,do not worry sizzle dear it will all come right pretty soon,do not cisil dear it all come right pretty soon,do not sizzle dear itll all come right pretty soon,2,1,wav2vec-ft-asr,googlesr
48,set_48_8555-284449-0013.wav,scuse me said trot i neglected to tell you that you are not the boolooroo any more,excuse me said trot i neglected to tell you that you are not boolooroo any more,i neglected to tell you that youre not the boolaroo you are not,2,1,wav2vec-ft-asr,googlesr
49,set_49_1188-133604-0040.wav,the crampness and the poverty are all intended,the crampness in the poverty are all intended,the krampus and the poverty are all intended,3,0,wav2vec-ft-asr,googlesr
49,set_49_2094-142345-0058.wav,by the by i have never seen your dairy i must see your dairy missus poyser,by the by i have seen your dairy i must see your dairy missus poiser,byebye ive never i have diary am i see your dairy missus poyser,2,1,whisper-base,googlesr
49,set_49_237-126133-0000.wav,here she would stay comforted and soothed among the lovely plants and rich exotics rejoicing the heart of old turner the gardener who since polly is 1st rapturous entrance had taken her into his good graces for all time,here she would stay comforted and soothed among the lovely plants and rich exotics rejoicing the heart of old turner the gardener who since pollys 1st rapturous entrance had taken her into his good graces for all time,among the lovely plants and rich exotics rejoicing the heart of old turner the gardener who sings pollys 1st rapturous entrance had taken her into his good graces for all time,3,0,wav2vec-ft-asr,googlesr
49,set_49_237-126133-0005.wav,0 she is always at the piano said van she must be there now somewhere and then somebody laughed,0 she is at the piano said van she must be there now somewhere and then somebody laughed,she she is there now somewhere and then somebody laugh,3,0,whisper-base,googlesr
49,set_49_237-126133-0008.wav,asked phronsie with her little face close to polly is own,ask frenzy with her little face close to pollys on,asked phronsie with her little face close to pollys own,0,3,googlesr,crdnn-rnnlm
49,set_49_237-126133-0016.wav,0 no jasper i must go by my very own self,0 no japsor im a scoped by my very own self,0 no doctor i must go by my very own self,1,2,whisper-base,crdnn-rnnlm
49,set_49_3729-6852-0043.wav,i reside in the marais rue de douze portes,i reside in the marrae grouda du sport,i reside in the maverick groudon sport,3,0,whisper-base,googlesr
49,set_49_4992-41797-0019.wav,olive is mournful black eyes met nancy is sparkling brown ones,all of his mournful black eyes meant nancys sparkling brown ones,olives mournful black eyes met nancys sparkling brown ones,1,2,whisper-base,googlesr
49,set_49_5142-33396-0052.wav,here is a ring for sif the friendly and here is a bracelet a sword would not be ashamed to hang at your side,heres a ring for schizophrenia and here is a bracelet and a sword would not would not to hang at your side,here is a ring for sift the friendly and here is a bracelet and a would not not be ashamed to hang at your side,2,1,googlesr,wav2vec-ft-asr
49,set_49_61-70970-0004.wav,but take it whilst i live and wear montfichet is shield in the days when my eyes can be rejoiced by so brave a sight for you will ne er disgrace our scutcheon i warrant me,but take it will i live and where monthly shays shield in the days when my eyes can be rejoiced by so brave of sight for you will never disgrace our dutch and i werent me,but take it whilst i live and where montfichets shield in the days when my eyes can be rejoiced by so brave a sight for you will never disgrace our tuchend i warrant me,1,2,googlesr,wav2vec-ft-asr
49,set_49_61-70970-0015.wav,will cried he softly and stuteley who had chosen his couch across the door of his young master is chamber sprang up at once in answer,will christy and studly who it shows in his couch across the door of his young masters chamber sprang up at once and answer,will cried he softly and stutley who had chosen his couch across the door of his young masters chamber sprang up at once in answer,2,1,googlesr,wav2vec-ft-asr
49,set_49_61-70970-0034.wav,nay nay lording answered warrenton with a half laugh,nay nay lording answered warrant and with a half laugh,nae nae lording answered warrenton with a half laugh,2,1,whisper-base,googlesr
49,set_49_6829-68769-0018.wav,miss de graf said kenneth noticing the boy is face critically as he stood where the light from the passage fell upon it,set kenneth noticing the boys face critically as he stood where the light from the passage fell upon it,miss de graf said kenneth noticing the boys face critically as he stood where the light from the passage fell upon it,0,3,googlesr,wav2vec-ft-asr
49,set_49_7127-75947-0021.wav,la valliere is quite a poetess said tonnay charente,the valley is quite a poetess said tony shalom,la valliere is quite a poetess said tony charlotte,1,2,googlesr,crdnn-rnnlm
49,set_49_7127-75947-0023.wav,it is too difficult replied mademoiselle de tonnay charente laughing loudly,it is too difficult replied mademoiselle dittani shahan laughing loudly,it is too difficult replied mademoiselle on laughing loudly,2,1,whisper-base,googlesr
49,set_49_7176-92135-0011.wav,now the object of this soliloquy is plain,now the object of this solar quay is plain,now the object of this soliloquy is playing,2,1,whisper-base,googlesr
49,set_49_8463-294825-0013.wav,for many then this book has been a source of fascination surely one of the most influential novels ever written an inspiration for such scientists and discoverers as engineer simon lake oceanographer william beebe polar traveler sir ernest shackleton,has been a source of fascination surely one of the most influential novels ever written and inspiration for such scientists and discoverers as engineers simon lake oceanographer william bb polar traveler are ernest shackleton,for many then this book has been a source of fascination surely one of the most influential novels ever written an inspiration for such scientists and discoverers as engineer simon lake ogenographer william b b polar traveler sir earnest shackleton,1,2,googlesr,wav2vec-ft-asr
49,set_49_8463-294825-0017.wav,liter roughly one quart,leader roughly one quart,leader roughly on court,3,0,googlesr,wav2vec-ft-asr
49,set_49_8463-294828-0005.wav,conseil was my manservant,call say wheres my manservant,cosette was my mans servant,2,1,googlesr,crdnn-rnnlm
49,set_49_8555-284447-0022.wav,i had a notion it was you mate as saved me from the knife,i elan ocean it was you mate a se me from the knife,i had a notion it was you made to save me from the knife,1,2,whisper-base,wav2vec-ft-asr
50,set_50_1580-141083-0021.wav,there is no opening except the one pane said our learned guide,there is no opening except the one pain said our learned guide,there is no opening except the one pain center learned guide,1,2,whisper-base,googlesr
50,set_50_2094-142345-0035.wav,but not more than what is in the bible aunt said dinah,but not more than whats in the bible and sadina,but not more than whats in the bible aunt said dinah,3,0,googlesr,wav2vec-ft-asr
50,set_50_237-134493-0010.wav,i never see lou is scythe over here,i never see loose side over here,i never see lose sight over here,2,1,whisper-base,googlesr
50,set_50_237-134500-0014.wav,and emil mowed his way slowly down toward the cherry trees,add email mode his way slowly down toward the cherry trees,and amiel mowed his way slowly down toward the cherry trees,3,0,googlesr,wav2vec-ft-asr
50,set_50_2961-961-0003.wav,i will if timaeus approves i approve,i will give to me is approves i approve,i will if to me as approves i approve,3,0,googlesr,wav2vec-ft-asr
50,set_50_2961-961-0009.wav,tell us said the other the whole story and where solon heard the story,tell us said the other the whole story and where saul and her the story,tell us that the other the whole story and where is soul and her the story,2,1,whisper-base,googlesr
50,set_50_4446-2271-0010.wav,he is another who is awfully keen about her let me introduce you,he is whos awfully keen about her let me introduce you,he is introduce you,2,1,wav2vec-ft-asr,googlesr
50,set_50_5683-32866-0013.wav,there was a bright moonlight broken by the shadows of overhanging boughs and withered leaves and the mottled lights and shadows glided oddly across his pale features,withered leaves and the modeled lights and shadows glided oddly across his pale features,there was a bright moonlight broken by the shadows of overhanging boughs and withered leaves and the model lights and shadows glided oddly across his pale features,1,2,googlesr,crdnn-rnnlm
50,set_50_5683-32866-0024.wav,i sha not trouble you about my train of thoughts or fancies but i began to feel very like a gentleman in a ghost story watching experimentally in a haunted chamber,but i began to feel very like a gentleman and a ghost story watching experimentally in a haunted chamber,i shant trouble you about my train of thoughts or fancies but i began to feel very like a gentleman in a ghost story watching experimentally in a haunted chamber,3,0,googlesr,crdnn-rnnlm
50,set_50_61-70968-0034.wav,a montfichet a montfichet gamewell to the rescue,a montvier a montvier game will to the rescue,gamewell to the rescue,2,1,whisper-base,googlesr
50,set_50_61-70970-0001.wav,there befell an anxious interview mistress fitzooth arguing for and against the squire is project in a breath,therebefell an anxious interview mistress fitzooth arguing for and against the squires project in a breath,will there be felon anxious interview mistress fit suits arguing for and against the squires project in the breath,1,2,wav2vec-ft-asr,googlesr
50,set_50_61-70970-0015.wav,will cried he softly and stuteley who had chosen his couch across the door of his young master is chamber sprang up at once in answer,will cried he softly and stutately who had chosen his couch across the door of his young masters chamber sprang up at once an answer,will christy and studly who it shows in his couch across the door of his young masters chamber sprang up at once and answer,1,2,whisper-base,googlesr
50,set_50_672-122797-0039.wav,i will not tremble to morrow thought the fir tree,i will not tomorrow thought the fir tree,i will not tomorrow,3,0,whisper-base,googlesr
50,set_50_7127-75947-0021.wav,la valliere is quite a poetess said tonnay charente,lavalier is quite a poetess said tone charent,the valley is quite a poetess said tony shalom,1,2,wav2vec-ft-asr,googlesr
50,set_50_7176-92135-0015.wav,and so on till you get to the end when ophelia might say ah yes or something non committal of that sort,and so on until you get to the end when ophelia might say yes or something noncommittal of that sort,and so on till you get to the end when i really might say ah yes or something non committal of that sort,2,1,googlesr,crdnn-rnnlm
50,set_50_7176-92135-0019.wav,i want 99 hal lo,i want 99 hello,i want 99 pillow,2,1,wav2vec-ft-asr,crdnn-rnnlm
50,set_50_7176-92135-0035.wav,then lord tuppeny well what about auction,then lurid tupini well what about auction,then lord tuppanny well what about auction,2,1,whisper-base,wav2vec-ft-asr
50,set_50_8463-294828-0005.wav,conseil was my manservant,casse was my man servant,cosseil was my man servant,2,1,whisper-base,wav2vec-ft-asr
50,set_50_8555-284449-0002.wav,at the head of the pinkies were ghip ghisizzle and button bright who had the parrot on his shoulder and they were supported by captain coralie and captain tintint and rosalie the witch,at the head of the pinkies were ghip ghisizzle and button bright who had the parrot on his shoulder and they were supported by captain corolee and captain tin tent and rosalie the witch,who had the parrot on his shoulder and they were supported by captain cora lee and captain and rosalie the witch,2,1,wav2vec-ft-asr,googlesr
50,set_50_908-157963-0015.wav,0 little cloud the virgin said i charge thee to tell me why thou complainest now when in one hour thou fade away then we shall seek thee but not find ah thel is like to thee,a little cloud the virgin said i charge thee to tell me why thou complainest now when in one hour thou fayed away then we shall seek thee but not find ah thel is like to thee,a little cloud the virgin said i charge thee to tell me why thou complaint is now when in one hour that way then we shall seek thee but not find a fell is like to be,2,1,whisper-base,googlesr
